date,channel,impressions,clicks,conversions,cost,revenue,companies_observed,ctr,conversion_rate,cpa,roas,profit,profit_margin
2026-01-01,Content,2260,139,1,980.11,274.9,6,0.061504424778761065,0.007194244604316547,980.11,0.28047872177612715,-705.21,-2.565332848308476
2026-01-01,LinkedIn Ads,2151,97,1,1228.54,258.06,6,0.04509530450953045,0.010309278350515464,1228.54,0.21005421068911065,-970.48,-3.760675811826707
2026-01-01,Outbound Sales,2069,226,1,1663.9399999999998,672.48,6,0.10923151280811987,0.004424778761061947,1663.9399999999998,0.4041491880716853,-991.4599999999998,-1.474333809183916
2026-01-01,Paid Search,3070,220,4,2182.07,2063.74,6,0.07166123778501629,0.01818181818181818,545.5175,0.945771675519117,-118.33000000000038,-0.057337649122467166
2026-01-01,Partnerships,2225,98,2,1094.47,1026.89,6,0.04404494382022472,0.02040816326530612,547.235,0.9382532184527672,-67.57999999999993,-0.0658103594347982
2026-01-01,Referral,1947,170,5,620.94,2862.46,6,0.08731381612737545,0.029411764705882353,124.18800000000002,4.609881792121621,2241.52,0.7830746979870461
2026-01-01,SEO,1615,134,2,1229.15,959.93,6,0.08297213622291022,0.014925373134328358,614.575,0.780970589431721,-269.22000000000014,-0.2804579500588586
2026-01-02,Content,1598,84,0,929.3100000000001,0.0,6,0.052565707133917394,0.0,,0.0,-929.3100000000001,
2026-01-02,LinkedIn Ads,2488,182,1,1334.29,351.92,6,0.07315112540192927,0.005494505494505495,1334.29,0.2637507588305391,-982.3699999999999,-2.7914582859740844
2026-01-02,Outbound Sales,2836,54,0,1140.62,0.0,6,0.01904090267983075,0.0,,0.0,-1140.62,
2026-01-02,Paid Search,3072,336,4,2363.5299999999997,1692.4,6,0.109375,0.011904761904761904,590.8824999999999,0.7160476067576889,-671.1299999999997,-0.39655518789884164
2026-01-02,Partnerships,1940,59,1,902.89,344.62,6,0.030412371134020618,0.01694915254237288,902.89,0.3816854766361351,-558.27,-1.6199582148453369
2026-01-02,Referral,2491,263,6,417.73,2946.95,6,0.1055800883179446,0.022813688212927757,69.62166666666667,7.054676465659636,2529.22,0.8582500551417567
2026-01-02,SEO,2006,110,2,1175.92,983.36,6,0.054835493519441676,0.01818181818181818,587.96,0.8362473637662425,-192.56000000000006,-0.1958184184835666
2026-01-03,Content,1865,112,0,713.02,0.0,6,0.060053619302949064,0.0,,0.0,-713.02,
2026-01-03,LinkedIn Ads,1798,81,0,1011.94,0.0,6,0.04505005561735261,0.0,,0.0,-1011.94,
2026-01-03,Outbound Sales,3111,94,1,907.4,655.29,6,0.030215364834458372,0.010638297872340425,907.4,0.7221622217324223,-252.11,-0.3847304246974622
2026-01-03,Paid Search,2398,102,1,1720.57,689.43,6,0.042535446205170975,0.00980392156862745,1720.57,0.40069860569462445,-1031.1399999999999,-1.4956413268932305
2026-01-03,Partnerships,1817,56,0,724.97,0.0,6,0.030820033021463952,0.0,,0.0,-724.97,
2026-01-03,Referral,3147,317,9,358.33000000000004,3851.31,6,0.10073085478233237,0.028391167192429023,39.81444444444445,10.747941841319452,3492.98,0.9069589308572927
2026-01-03,SEO,2603,105,0,814.14,0.0,6,0.040338071456012294,0.0,,0.0,-814.14,
2026-01-04,Content,1594,107,0,815.93,0.0,6,0.0671267252195734,0.0,,0.0,-815.93,
2026-01-04,LinkedIn Ads,1802,83,0,1084.79,0.0,6,0.04605993340732519,0.0,,0.0,-1084.79,
2026-01-04,Outbound Sales,2053,107,1,1350.1,784.91,6,0.05211885046273746,0.009345794392523364,1350.1,0.581371750240723,-565.1899999999999,-0.7200698169216853
2026-01-04,Paid Search,2204,130,2,1918.9,997.8599999999999,6,0.05898366606170599,0.015384615384615385,959.45,0.5200166762207514,-921.0400000000002,-0.9230152526406513
2026-01-04,Partnerships,2586,121,1,916.84,709.25,6,0.046790409899458624,0.008264462809917356,916.84,0.7735809955935604,-207.59000000000003,-0.2926894606979204
2026-01-04,Referral,3472,358,7,476.01,3327.14,6,0.10311059907834101,0.019553072625698324,68.00142857142858,6.989643074725321,2851.13,0.8569311781289637
2026-01-04,SEO,2605,110,2,1033.85,732.72,6,0.04222648752399232,0.01818181818181818,516.925,0.7087295062146347,-301.1299999999999,-0.41097554318156987
2026-01-05,Content,1776,91,1,952.02,259.48,6,0.051238738738738736,0.01098901098901099,952.02,0.27255729921640304,-692.54,-2.66895329119778
2026-01-05,LinkedIn Ads,2110,112,1,1412.51,718.08,6,0.05308056872037915,0.008928571428571428,1412.51,0.5083716221478078,-694.43,-0.967064950980392
2026-01-05,Outbound Sales,1736,48,0,1139.67,0.0,6,0.027649769585253458,0.0,,0.0,-1139.67,
2026-01-05,Paid Search,2356,151,2,2483.43,932.99,6,0.06409168081494057,0.013245033112582781,1241.715,0.37568604712031345,-1550.4399999999998,-1.6617970181888335
2026-01-05,Partnerships,2368,59,0,940.5999999999999,0.0,6,0.02491554054054054,0.0,,0.0,-940.5999999999999,
2026-01-05,Referral,4159,257,9,438.39,4152.37,6,0.0617937004087521,0.03501945525291829,48.71,9.47186295307831,3713.98,0.894424148137088
2026-01-05,SEO,1876,68,1,1091.04,233.88,6,0.03624733475479744,0.014705882352941176,1091.04,0.2143642762868456,-857.16,-3.6649563878912264
2026-01-06,Content,1945,126,2,958.81,918.8000000000001,6,0.06478149100257069,0.015873015873015872,479.405,0.9582711903296797,-40.00999999999988,-0.04354592947322581
2026-01-06,LinkedIn Ads,2020,89,1,1257.43,311.11,6,0.04405940594059406,0.011235955056179775,1257.43,0.24741735126408626,-946.32,-3.041753720549002
2026-01-06,Outbound Sales,2023,188,1,1430.08,674.93,6,0.09293129016312407,0.005319148936170213,1430.08,0.47195261803535465,-755.15,-1.1188567703317382
2026-01-06,Paid Search,2855,109,1,1970.79,300.48,6,0.03817863397548161,0.009174311926605505,1970.79,0.15246677728220664,-1670.31,-5.55880591054313
2026-01-06,Partnerships,2615,119,2,1053.33,940.04,6,0.04550669216061185,0.01680672268907563,526.665,0.89244586217045,-113.28999999999996,-0.12051614824901065
2026-01-06,Referral,2859,243,6,550.51,3203.44,6,0.08499475341028331,0.024691358024691357,91.75166666666667,5.819040526057655,2652.9300000000003,0.8281503633593887
2026-01-06,SEO,1903,144,2,1196.27,704.52,6,0.07566999474513926,0.013888888888888888,598.135,0.5889305925919733,-491.75,-0.6979929597456425
2026-01-07,Content,2433,121,2,1069.58,652.38,6,0.049732840115084255,0.01652892561983471,534.79,0.609940350417921,-417.19999999999993,-0.6395045832183696
2026-01-07,LinkedIn Ads,2059,95,1,1375.87,256.1,6,0.04613890237979602,0.010526315789473684,1375.87,0.18613677164266976,-1119.77,-4.372393596251464
2026-01-07,Outbound Sales,2364,128,1,1294.51,259.81,6,0.05414551607445008,0.0078125,1294.51,0.20070142370472224,-1034.7,-3.982525691851738
2026-01-07,Paid Search,2533,163,3,2352.8999999999996,1318.21,6,0.06435057244374259,0.018404907975460124,784.2999999999998,0.5602490543584514,-1034.6899999999996,-0.7849204603211928
2026-01-07,Partnerships,2685,152,2,995.6800000000001,665.5799999999999,6,0.05661080074487896,0.013157894736842105,497.84000000000003,0.6684677808131125,-330.10000000000014,-0.4959584122119057
2026-01-07,Referral,2480,138,5,557.85,3048.9300000000003,6,0.055645161290322584,0.036231884057971016,111.57000000000001,5.465501478892175,2491.0800000000004,0.8170341726441736
2026-01-07,SEO,2452,160,3,1345.87,1313.38,6,0.06525285481239804,0.01875,448.6233333333333,0.9758594812277562,-32.48999999999978,-0.024737699675645874
2026-01-08,Content,1665,144,1,1384.41,286.63,6,0.08648648648648649,0.006944444444444444,1384.41,0.20704126667677927,-1097.7800000000002,-3.8299549942434505
2026-01-08,LinkedIn Ads,2184,77,1,2109.41,711.1,6,0.035256410256410256,0.012987012987012988,2109.41,0.3371084805703965,-1398.31,-1.96640416256504
2026-01-08,Outbound Sales,4045,337,3,2072.63,2019.6599999999999,6,0.08331273176761433,0.008902077151335312,690.8766666666667,0.9744430988647274,-52.970000000000255,-0.02622718675420628
2026-01-08,Paid Search,3687,335,5,3776.92,2623.21,6,0.0908597775969623,0.014925373134328358,755.384,0.6945368183599335,-1153.71,-0.4398084789246763
2026-01-08,Partnerships,2453,115,1,1544.3200000000002,691.88,6,0.04688136975132491,0.008695652173913044,1544.3200000000002,0.44801595524243676,-852.4400000000002,-1.2320633635890619
2026-01-08,Referral,2819,281,7,646.98,3611.23,6,0.09968073785030153,0.02491103202846975,92.42571428571429,5.581671767288015,2964.25,0.8208422061181371
2026-01-08,SEO,1910,159,2,1708.55,1365.08,6,0.08324607329842931,0.012578616352201259,854.275,0.7989698867460712,-343.47,-0.2516116271573828
2026-01-09,Content,2013,154,2,942.24,787.44,6,0.07650273224043716,0.012987012987012988,471.12,0.8357106469689252,-154.79999999999995,-0.19658640658335866
2026-01-09,LinkedIn Ads,2009,78,0,1117.78,0.0,6,0.03882528621204579,0.0,,0.0,-1117.78,
2026-01-09,Outbound Sales,2226,45,0,1164.31,0.0,6,0.02021563342318059,0.0,,0.0,-1164.31,
2026-01-09,Paid Search,2854,78,2,1741.22,560.46,6,0.027330063069376315,0.02564102564102564,870.61,0.3218777638667142,-1180.76,-2.106769439389073
2026-01-09,Partnerships,2143,54,0,889.8899999999999,0.0,6,0.025198320111992533,0.0,,0.0,-889.8899999999999,
2026-01-09,Referral,3496,303,9,588.79,3990.96,6,0.08667048054919908,0.0297029702970297,65.4211111111111,6.778240119567249,3402.17,0.8524690801210736
2026-01-09,SEO,1977,143,2,1124.56,737.9300000000001,6,0.07233181588265047,0.013986013986013986,562.28,0.6561944227075479,-386.6299999999999,-0.523938584960633
2026-01-10,Content,2266,91,1,1135.8899999999999,369.82,6,0.040158870255957636,0.01098901098901099,1135.8899999999999,0.325577300618898,-766.0699999999999,-2.0714672002595855
2026-01-10,LinkedIn Ads,2285,129,2,1820.08,957.54,6,0.05645514223194748,0.015503875968992248,910.04,0.5260977539448816,-862.54,-0.9007874344674897
2026-01-10,Outbound Sales,3233,207,2,1254.69,843.1099999999999,6,0.06402721930095887,0.00966183574879227,627.345,0.6719667806390422,-411.58000000000015,-0.4881688035962095
2026-01-10,Paid Search,3168,216,3,3192.13,1760.1799999999998,6,0.06818181818181818,0.013888888888888888,1064.0433333333333,0.5514123798216237,-1431.9500000000003,-0.8135247531502462
2026-01-10,Partnerships,2343,121,1,1112.98,323.59,6,0.051643192488262914,0.008264462809917356,1112.98,0.29074197200309077,-789.3900000000001,-2.4394758799715697
2026-01-10,Referral,2789,232,6,407.19000000000005,2879.92,6,0.08318393689494442,0.02586206896551724,67.86500000000001,7.072668778702816,2472.73,0.8586106558515514
2026-01-10,SEO,2449,157,2,1406.18,988.61,6,0.06410779910167415,0.012738853503184714,703.09,0.7030465516505711,-417.57000000000005,-0.4223809186635782
2026-01-11,Content,2160,90,1,1136.94,508.2,6,0.041666666666666664,0.011111111111111112,1136.94,0.4469892870336165,-628.74,-1.237190082644628
2026-01-11,LinkedIn Ads,3098,169,1,1905.3500000000001,709.96,6,0.05455132343447385,0.005917159763313609,1905.3500000000001,0.3726139554412575,-1195.39,-1.6837427460702012
2026-01-11,Outbound Sales,2176,141,1,1252.3,751.39,6,0.06479779411764706,0.0070921985815602835,1252.3,0.600007985307035,-500.90999999999997,-0.6666444855534409
2026-01-11,Paid Search,3324,315,3,3431.3700000000003,2106.3599999999997,6,0.09476534296028881,0.009523809523809525,1143.7900000000002,0.6138539417200708,-1325.0100000000007,-0.6290520139007582
2026-01-11,Partnerships,1361,55,0,1128.3,0.0,6,0.04041146216017634,0.0,,0.0,-1128.3,
2026-01-11,Referral,2272,172,6,412.57,3095.05,6,0.07570422535211267,0.03488372093023256,68.76166666666667,7.501878469108273,2682.48,0.8667000533109319
2026-01-11,SEO,1973,109,2,1314.98,1223.81,6,0.055245818550430814,0.01834862385321101,657.49,0.9306681470440614,-91.17000000000007,-0.07449685817242879
2026-01-12,Content,1961,102,1,938.81,255.09,6,0.05201427842937277,0.00980392156862745,938.81,0.27171632172644095,-683.7199999999999,-2.680308910580579
2026-01-12,LinkedIn Ads,2294,72,0,1131.07,0.0,6,0.03138622493461203,0.0,,0.0,-1131.07,
2026-01-12,Outbound Sales,2501,179,1,1202.1299999999999,520.39,6,0.07157137145141944,0.00558659217877095,1202.1299999999999,0.432889953665577,-681.7399999999999,-1.3100559195987622
2026-01-12,Paid Search,2713,130,2,2027.71,1016.74,6,0.04791743457427202,0.015384615384615385,1013.855,0.501422787282205,-1010.97,-0.9943249995082322
2026-01-12,Partnerships,1523,93,0,846.48,0.0,6,0.06106369008535785,0.0,,0.0,-846.48,
2026-01-12,Referral,3413,192,8,565.22,3589.8,6,0.05625549370055669,0.041666666666666664,70.6525,6.351155302360143,3024.58,0.8425483313833639
2026-01-12,SEO,2412,94,1,1241.98,728.39,6,0.03897180762852405,0.010638297872340425,1241.98,0.5864748224609092,-513.59,-0.7051030354617719
2026-01-13,Content,1883,113,1,939.84,286.9,6,0.06001062134891131,0.008849557522123894,939.84,0.3052647259107933,-652.94,-2.275845242244685
2026-01-13,LinkedIn Ads,2032,84,0,1198.21,0.0,6,0.04133858267716536,0.0,,0.0,-1198.21,
2026-01-13,Outbound Sales,2273,190,1,1431.13,647.34,6,0.08358996920369556,0.005263157894736842,1431.13,0.45232788076554886,-783.7900000000001,-1.2107856767695493
2026-01-13,Paid Search,2283,119,1,1995.79,293.04,6,0.052124397722295226,0.008403361344537815,1995.79,0.14682907520330296,-1702.75,-5.810640185640185
2026-01-13,Partnerships,2031,142,1,1011.38,916.89,6,0.06991629739044805,0.007042253521126761,1011.38,0.9065731970179359,-94.49000000000001,-0.1030548920808385
2026-01-13,Referral,3695,300,9,563.02,4329.68,6,0.08119079837618404,0.03,62.55777777777777,7.690099818834145,3766.6600000000003,0.8699626762254947
2026-01-13,SEO,2267,90,1,1159.0,228.99,6,0.03970004411116013,0.011111111111111112,1159.0,0.19757549611734254,-930.01,-4.061356391108782
2026-01-14,Content,1800,99,0,680.49,0.0,6,0.055,0.0,,0.0,-680.49,
2026-01-14,LinkedIn Ads,2109,102,0,1048.46,0.0,6,0.04836415362731152,0.0,,0.0,-1048.46,
2026-01-14,Outbound Sales,1362,74,0,679.88,0.0,6,0.05433186490455213,0.0,,0.0,-679.88,
2026-01-14,Paid Search,2954,133,1,1780.99,522.99,6,0.045023696682464455,0.007518796992481203,1780.99,0.2936512838365179,-1258.0,-2.4053997208359625
2026-01-14,Partnerships,1354,52,0,635.36,0.0,6,0.03840472673559823,0.0,,0.0,-635.36,
2026-01-14,Referral,2847,297,8,293.34,4243.64,6,0.10432033719704953,0.026936026936026935,36.6675,14.46662575850549,3950.3,0.930875380569511
2026-01-14,SEO,2868,77,0,775.74,0.0,6,0.02684797768479777,0.0,,0.0,-775.74,
2026-01-15,Content,1845,129,2,899.45,859.19,6,0.06991869918699187,0.015503875968992248,449.725,0.9552393129134471,-40.25999999999999,-0.046858087268241005
2026-01-15,LinkedIn Ads,2187,78,0,1188.19,0.0,6,0.03566529492455418,0.0,,0.0,-1188.19,
2026-01-15,Outbound Sales,2634,81,0,907.14,0.0,6,0.030751708428246014,0.0,,0.0,-907.14,
2026-01-15,Paid Search,2499,159,3,1918.7,1388.5700000000002,6,0.06362545018007203,0.018867924528301886,639.5666666666667,0.7237035492781572,-530.1299999999999,-0.3817812569766017
2026-01-15,Partnerships,2031,94,0,793.67,0.0,6,0.046282619399310686,0.0,,0.0,-793.67,
2026-01-15,Referral,2527,248,7,472.52,3398.1099999999997,6,0.09814008705975465,0.028225806451612902,67.50285714285714,7.191462795225599,2925.5899999999997,0.8609462318759545
2026-01-15,SEO,2495,97,1,1050.83,423.7,6,0.038877755511022044,0.010309278350515464,1050.83,0.4032050855038398,-627.1299999999999,-1.480127448666509
2026-01-16,Content,2649,89,1,764.01,356.62,6,0.033597583993959984,0.011235955056179775,764.01,0.46677399510477613,-407.39,-1.142364421513095
2026-01-16,LinkedIn Ads,2534,102,1,1161.54,368.35,6,0.04025256511444357,0.00980392156862745,1161.54,0.3171220965270245,-793.1899999999999,-2.1533595764897515
2026-01-16,Outbound Sales,2459,152,1,1258.95,752.98,6,0.0618137454249695,0.006578947368421052,1258.95,0.5981015925970055,-505.97,-0.6719567584796409
2026-01-16,Paid Search,2586,123,1,1926.4099999999999,371.63,6,0.04756380510440835,0.008130081300813009,1926.4099999999999,0.19291324276763513,-1554.7799999999997,-4.183677313456933
2026-01-16,Partnerships,2452,138,1,937.27,376.8,6,0.05628058727569331,0.007246376811594203,937.27,0.40201862857020926,-560.47,-1.4874469214437367
2026-01-16,Referral,2621,233,6,340.87,3766.6499999999996,6,0.08889736741701641,0.02575107296137339,56.81166666666667,11.050107078945052,3425.7799999999997,0.9095031393944221
2026-01-16,SEO,1877,135,1,944.1700000000001,305.28,6,0.07192328183271178,0.007407407407407408,944.1700000000001,0.3233316034188758,-638.8900000000001,-2.092800052410902
2026-01-17,Content,1842,141,2,1025.8899999999999,651.62,6,0.07654723127035831,0.014184397163120567,512.9449999999999,0.6351753111932079,-374.26999999999987,-0.5743684969767654
2026-01-17,LinkedIn Ads,1982,104,1,1589.1399999999999,370.04,6,0.05247225025227043,0.009615384615384616,1589.1399999999999,0.23285550675207978,-1219.1,-3.294508701761971
2026-01-17,Outbound Sales,3318,121,1,1329.23,785.06,6,0.03646775165762507,0.008264462809917356,1329.23,0.5906126103082235,-544.1700000000001,-0.6931572109138157
2026-01-17,Paid Search,3062,178,3,2701.01,1135.3400000000001,6,0.0581319399085565,0.016853932584269662,900.3366666666667,0.42033905835224605,-1565.67,-1.3790318318741521
2026-01-17,Partnerships,2487,217,2,1103.58,957.29,6,0.08725371934057097,0.009216589861751152,551.79,0.8674405117889052,-146.28999999999996,-0.1528168057746346
2026-01-17,Referral,3268,237,6,427.07,3751.7799999999997,6,0.07252141982864137,0.02531645569620253,71.17833333333333,8.784929870981337,3324.7099999999996,0.8861686985910687
2026-01-17,SEO,2564,157,2,1169.93,494.53999999999996,6,0.06123244929797192,0.012738853503184714,584.965,0.42270905096886136,-675.3900000000001,-1.3656933716180697
2026-01-18,Content,2267,78,1,1138.1599999999999,343.0,6,0.03440670489633877,0.01282051282051282,1138.1599999999999,0.30136360441414217,-795.1599999999999,-2.3182507288629735
2026-01-18,LinkedIn Ads,2629,93,1,1780.79,690.16,6,0.03537466717383035,0.010752688172043012,1780.79,0.38755833085316066,-1090.63,-1.5802567520574942
2026-01-18,Outbound Sales,3697,173,2,1406.84,1311.9,6,0.04679469840411144,0.011560693641618497,703.42,0.932515424639618,-94.93999999999983,-0.07236832075615506
2026-01-18,Paid Search,3203,237,4,3044.62,2029.35,6,0.07399313143927568,0.016877637130801686,761.155,0.6665363822086171,-1015.27,-0.5002931973291941
2026-01-18,Partnerships,2201,98,1,1198.86,647.07,6,0.044525215810995,0.01020408163265306,1198.86,0.5397377508633202,-551.7899999999998,-0.8527516342899529
2026-01-18,Referral,2677,212,6,478.48,2673.7,6,0.07919312663429212,0.02830188679245283,79.74666666666667,5.5879033606420325,2195.22,0.8210420017204623
2026-01-18,SEO,2279,82,1,1257.46,256.29,6,0.035980693286529176,0.012195121951219513,1257.46,0.20381562833012581,-1001.1700000000001,-3.9063950993015726
2026-01-19,Content,1997,79,1,1112.31,363.47,6,0.039559339008512766,0.012658227848101266,1112.31,0.32677041472251445,-748.8399999999999,-2.0602525655487383
2026-01-19,LinkedIn Ads,2872,245,2,1796.84,880.0899999999999,6,0.08530640668523677,0.00816326530612245,898.42,0.4897987578192827,-916.75,-1.0416548307559454
2026-01-19,Outbound Sales,2369,150,1,1357.02,570.76,6,0.06331785563528915,0.006666666666666667,1357.02,0.42059807519417547,-786.26,-1.3775667531011284
2026-01-19,Paid Search,1938,141,2,3074.12,956.63,6,0.07275541795665634,0.014184397163120567,1537.06,0.3111882424889074,-2117.49,-2.2134890187428784
2026-01-19,Partnerships,2346,135,1,1171.43,281.51,6,0.05754475703324808,0.007407407407407408,1171.43,0.2403131215693639,-889.9200000000001,-3.1612376114525245
2026-01-19,Referral,3158,343,8,411.36,4338.67,6,0.10861304623179227,0.023323615160349854,51.42,10.547136328276935,3927.31,0.9051875344287534
2026-01-19,SEO,1750,57,1,1340.71,308.34,6,0.03257142857142857,0.017543859649122806,1340.71,0.2299826211484959,-1032.3700000000001,-3.34815463449439
2026-01-20,Content,1409,65,0,681.72,0.0,6,0.046132008516678494,0.0,,0.0,-681.72,
2026-01-20,LinkedIn Ads,2404,113,1,1001.69,270.68,6,0.047004991680532446,0.008849557522123894,1001.69,0.2702233225848316,-731.01,-2.7006428254765775
2026-01-20,Outbound Sales,1026,105,0,901.0,0.0,6,0.1023391812865497,0.0,,0.0,-901.0,
2026-01-20,Paid Search,2946,167,1,1736.58,255.04,6,0.05668703326544467,0.005988023952095809,1736.58,0.1468633751396423,-1481.54,-5.809049560853199
2026-01-20,Partnerships,2522,98,1,704.45,274.99,6,0.03885804916732752,0.01020408163265306,704.45,0.3903612747533537,-429.46000000000004,-1.5617295174369978
2026-01-20,Referral,2656,151,6,292.3,3513.34,6,0.056852409638554216,0.039735099337748346,48.71666666666667,12.019637358877866,3221.04,0.9168028144159118
2026-01-20,SEO,1827,82,1,885.8199999999999,316.47,6,0.04488232074438971,0.012195121951219513,885.8199999999999,0.3572621977376894,-569.3499999999999,-1.7990646822763607
2026-01-21,Content,2209,66,0,879.62,0.0,6,0.029877772747849706,0.0,,0.0,-879.62,
2026-01-21,LinkedIn Ads,1786,79,0,1167.31,0.0,6,0.044232922732362824,0.0,,0.0,-1167.31,
2026-01-21,Outbound Sales,3376,154,1,1434.5500000000002,820.14,6,0.04561611374407583,0.006493506493506494,1434.5500000000002,0.5717054128472342,-614.4100000000002,-0.7491525837052213
2026-01-21,Paid Search,2718,116,2,1959.12,996.34,6,0.042678440029433405,0.017241379310344827,979.56,0.5085650700314427,-962.7799999999999,-0.9663167191922435
2026-01-21,Partnerships,2484,109,1,1001.31,811.4,6,0.04388083735909823,0.009174311926605505,1001.31,0.8103384566218255,-189.90999999999997,-0.23405225536110424
2026-01-21,Referral,3815,366,10,515.72,5179.2,6,0.09593709043250327,0.0273224043715847,51.572,10.04265880710463,4663.48,0.9004247760271856
2026-01-21,SEO,2095,86,0,1092.33,0.0,6,0.04105011933174224,0.0,,0.0,-1092.33,
2026-01-22,Content,2249,53,0,966.01,0.0,6,0.023566029346376166,0.0,,0.0,-966.01,
2026-01-22,LinkedIn Ads,1686,44,0,1312.68,0.0,6,0.02609727164887307,0.0,,0.0,-1312.68,
2026-01-22,Outbound Sales,2650,168,1,1727.94,721.68,6,0.06339622641509433,0.005952380952380952,1727.94,0.41765339074273405,-1006.2600000000001,-1.3943298969072166
2026-01-22,Paid Search,2721,238,3,2312.17,1916.51,6,0.0874678427048879,0.012605042016806723,770.7233333333334,0.8288793644065964,-395.6600000000001,-0.20644817924247724
2026-01-22,Partnerships,1931,126,1,1152.43,900.56,6,0.06525116519937856,0.007936507936507936,1152.43,0.7814444261256648,-251.87000000000012,-0.27968153149151653
2026-01-22,Referral,3401,350,8,563.15,3687.67,6,0.10291090855630697,0.022857142857142857,70.39375,6.548290863890616,3124.52,0.847288396195972
2026-01-22,SEO,2001,70,1,1243.13,693.57,6,0.03498250874562719,0.014285714285714285,1243.13,0.5579223411871647,-549.5600000000001,-0.7923641449312975
2026-01-23,Content,2641,137,3,1706.09,1118.93,6,0.05187429004165089,0.021897810218978103,568.6966666666666,0.6558446506339056,-587.1599999999999,-0.5247513249264921
2026-01-23,LinkedIn Ads,2619,165,3,2440.5299999999997,1498.1599999999999,6,0.06300114547537228,0.01818181818181818,813.5099999999999,0.6138666601107137,-942.3699999999999,-0.6290182624018796
2026-01-23,Outbound Sales,4399,325,3,1814.49,1895.92,6,0.07388042736985678,0.009230769230769232,604.83,1.0448776240155637,81.43000000000006,0.0429501244778261
2026-01-23,Paid Search,4335,293,5,4041.04,2373.6400000000003,6,0.06758938869665514,0.017064846416382253,808.208,0.587383445845624,-1667.3999999999996,-0.7024654117726359
2026-01-23,Partnerships,2488,140,2,1589.2,767.62,6,0.05627009646302251,0.014285714285714285,794.6,0.4830229046060911,-821.58,-1.0702951981449156
2026-01-23,Referral,2332,199,5,781.33,2458.9,6,0.08533447684391081,0.02512562814070352,156.26600000000002,3.147069740058618,1677.5700000000002,0.6822440928870633
2026-01-23,SEO,2274,141,3,2075.44,1454.47,6,0.06200527704485488,0.02127659574468085,691.8133333333334,0.7008007940484909,-620.97,-0.4269390224617902
2026-01-24,Content,1693,73,0,949.32,0.0,6,0.04311872415829888,0.0,,0.0,-949.32,
2026-01-24,LinkedIn Ads,2255,60,0,1280.0800000000002,0.0,6,0.026607538802660754,0.0,,0.0,-1280.0800000000002,
2026-01-24,Outbound Sales,2690,128,1,1596.8400000000001,806.3,6,0.04758364312267658,0.0078125,1596.8400000000001,0.504934746123594,-790.5400000000002,-0.9804539253379638
2026-01-24,Paid Search,2712,183,3,2249.09,1625.41,6,0.06747787610619468,0.01639344262295082,749.6966666666667,0.7226967351239835,-623.6800000000001,-0.38370626488086085
2026-01-24,Partnerships,2722,172,1,1088.6200000000001,708.49,6,0.06318883174136664,0.005813953488372093,1088.6200000000001,0.6508147930407304,-380.1300000000001,-0.5365354486301854
2026-01-24,Referral,3303,259,8,537.42,4107.63,6,0.0784135634271874,0.03088803088803089,67.1775,7.643239924081724,3570.21,0.8691654311610344
2026-01-24,SEO,2296,132,2,1204.62,1057.34,6,0.05749128919860627,0.015151515151515152,602.31,0.8777373777622819,-147.27999999999997,-0.1392929426674485
2026-01-25,Content,1830,143,2,1267.96,835.8499999999999,6,0.07814207650273224,0.013986013986013986,633.98,0.6592084923814631,-432.1100000000001,-0.5169707483400133
2026-01-25,LinkedIn Ads,2715,208,2,1876.28,767.85,6,0.07661141804788213,0.009615384615384616,938.14,0.4092406250666212,-1108.4299999999998,-1.4435501725597444
2026-01-25,Outbound Sales,2130,164,1,1318.21,560.83,6,0.07699530516431925,0.006097560975609756,1318.21,0.4254481455913701,-757.38,-1.3504627070591801
2026-01-25,Paid Search,2795,247,2,3057.59,925.05,6,0.08837209302325581,0.008097165991902834,1528.795,0.30254219826726275,-2132.54,-2.3053240365385657
2026-01-25,Partnerships,2063,118,1,1205.39,291.72,6,0.057198254968492485,0.00847457627118644,1205.39,0.24201295846157675,-913.6700000000001,-3.132010146716029
2026-01-25,Referral,3651,309,8,564.3299999999999,4530.92,6,0.08463434675431389,0.025889967637540454,70.54124999999999,8.028848368862192,3966.59,0.8754491361577781
2026-01-25,SEO,1867,126,2,1475.67,853.95,6,0.06748794858061061,0.015873015873015872,737.835,0.5786862916505723,-621.72,-0.7280519936764448
2026-01-26,Content,2325,106,3,1058.38,1053.01,6,0.04559139784946237,0.02830188679245283,352.79333333333335,0.9949262079782307,-5.370000000000118,-0.005099666669832308
2026-01-26,LinkedIn Ads,2522,169,1,1401.6,297.85,6,0.06701030927835051,0.005917159763313609,1401.6,0.21250713470319638,-1103.75,-3.7057243578982706
2026-01-26,Outbound Sales,2659,167,1,1379.77,302.55,6,0.0628055660022565,0.005988023952095809,1379.77,0.2192756763808461,-1077.22,-3.5604693439100976
2026-01-26,Paid Search,2513,191,2,2300.96,544.65,6,0.07600477516912058,0.010471204188481676,1150.48,0.23670554898824836,-1756.31,-3.2246580372716425
2026-01-26,Partnerships,2468,127,1,1060.1100000000001,256.96,6,0.05145867098865478,0.007874015748031496,1060.1100000000001,0.24238994066653455,-803.1500000000001,-3.125583748443338
2026-01-26,Referral,3583,367,7,552.85,4260.79,6,0.10242813284956741,0.01907356948228883,78.97857142857143,7.706954870217961,3707.94,0.8702470668584934
2026-01-26,SEO,1553,123,2,1335.26,834.3299999999999,6,0.07920154539600772,0.016260162601626018,667.63,0.6248445995536449,-500.93000000000006,-0.6003979240827971
2026-01-27,Content,1794,103,1,1123.6699999999998,343.48,6,0.05741360089186176,0.009708737864077669,1123.6699999999998,0.3056769336193011,-780.1899999999998,-2.271427739606381
2026-01-27,LinkedIn Ads,2402,126,1,1771.44,580.29,6,0.05245628642797669,0.007936507936507936,1771.44,0.3275809510906381,-1191.15,-2.0526805562735877
2026-01-27,Outbound Sales,3053,147,1,1377.74,608.04,6,0.04814936128398297,0.006802721088435374,1377.74,0.44133145586249944,-769.7,-1.2658706664035262
2026-01-27,Paid Search,2511,135,2,3169.52,1241.78,6,0.053763440860215055,0.014814814814814815,1584.76,0.3917880309952296,-1927.74,-1.5524005862552144
2026-01-27,Partnerships,2524,96,0,1143.25,0.0,6,0.03803486529318542,0.0,,0.0,-1143.25,
2026-01-27,Referral,3909,428,9,465.12,4495.93,6,0.10949091839345101,0.02102803738317757,51.68,9.666172170622636,4030.8100000000004,0.89654643199516
2026-01-27,SEO,1895,59,1,1333.67,606.37,6,0.031134564643799472,0.01694915254237288,1333.67,0.4546626976688386,-727.3000000000001,-1.1994326896119532
2026-01-28,Content,2243,67,1,965.55,347.55,6,0.029870708872046365,0.014925373134328358,965.55,0.3599502874009632,-618.0,-1.7781614156236512
2026-01-28,LinkedIn Ads,2255,58,1,1553.8400000000001,379.31,6,0.025720620842572064,0.017241379310344827,1553.8400000000001,0.24411136281727847,-1174.5300000000002,-3.0964909968099974
2026-01-28,Outbound Sales,2261,87,0,1140.76,0.0,6,0.03847854931446263,0.0,,0.0,-1140.76,
2026-01-28,Paid Search,2769,151,2,2644.09,973.3000000000001,6,0.05453232213795594,0.013245033112582781,1322.045,0.3681039601526423,-1670.79,-1.7166238569814034
2026-01-28,Partnerships,2616,212,1,1009.8,260.2,6,0.08103975535168195,0.0047169811320754715,1009.8,0.2576747870865518,-749.5999999999999,-2.880860876249039
2026-01-28,Referral,3407,229,8,364.07,4395.42,6,0.06721455826240094,0.034934497816593885,45.50875,12.073007938033895,4031.35,0.9171706003066828
2026-01-28,SEO,1675,110,1,1088.76,351.32,6,0.06567164179104477,0.00909090909090909,1088.76,0.3226790109849737,-737.44,-2.09905499259934
2026-01-29,Content,1494,97,3,1354.8600000000001,1476.3899999999999,6,0.06492637215528782,0.030927835051546393,451.62000000000006,1.0896993047252113,121.52999999999975,0.08231564830430967
2026-01-29,LinkedIn Ads,2623,115,2,2126.8900000000003,910.35,6,0.04384292794510103,0.017391304347826087,1063.4450000000002,0.4280193145860857,-1216.5400000000004,-1.3363431647168675
2026-01-29,Outbound Sales,2884,134,1,1172.19,330.04,6,0.046463245492371706,0.007462686567164179,1172.19,0.28155845042185995,-842.1500000000001,-2.5516604047994185
2026-01-29,Paid Search,4253,251,4,3581.55,1946.6899999999998,6,0.05901716435457324,0.01593625498007968,895.3875,0.5435328279655456,-1634.8600000000004,-0.8398152761867583
2026-01-29,Partnerships,2947,122,1,1215.09,632.99,6,0.041398031896844247,0.00819672131147541,1215.09,0.520940835658264,-582.0999999999999,-0.9196037852098767
2026-01-29,Referral,1914,212,4,514.79,2004.69,6,0.11076280041797283,0.018867924528301886,128.6975,3.894189863827969,1489.9,0.7432071791648585
2026-01-29,SEO,2423,139,4,1488.79,1885.59,6,0.05736690053652497,0.02877697841726619,372.1975,1.2665251647310902,396.79999999999995,0.21043811220891073
2026-01-30,Content,2063,55,0,573.76,0.0,6,0.02666020358700921,0.0,,0.0,-573.76,
2026-01-30,LinkedIn Ads,2689,135,1,866.03,347.19,6,0.050204537002603196,0.007407407407407408,866.03,0.4008983522510768,-518.8399999999999,-1.4943978801232751
2026-01-30,Outbound Sales,1807,62,0,745.06,0.0,6,0.03431101272827892,0.0,,0.0,-745.06,
2026-01-30,Paid Search,2303,120,1,1447.98,334.46,6,0.052105948762483714,0.008333333333333333,1447.98,0.23098385336814042,-1113.52,-3.3293069425342345
2026-01-30,Partnerships,2524,186,1,609.1700000000001,301.81,6,0.07369255150554675,0.005376344086021506,609.1700000000001,0.49544462137006084,-307.36000000000007,-1.0183890527152846
2026-01-30,Referral,2354,210,5,231.61,2821.31,6,0.08920985556499575,0.023809523809523808,46.322,12.181296144380639,2589.7,0.9179069297595798
2026-01-30,SEO,2060,89,1,717.0,275.31,6,0.04320388349514563,0.011235955056179775,717.0,0.3839748953974895,-441.69,-1.604336929279721
2026-01-31,Content,2446,122,1,830.99,327.74,6,0.04987735077677841,0.00819672131147541,830.99,0.39439704448910334,-503.25,-1.5355159577714041
2026-01-31,LinkedIn Ads,2807,147,1,1130.95,345.27,6,0.05236907730673317,0.006802721088435374,1130.95,0.30529201114107607,-785.6800000000001,-2.275552466185884
2026-01-31,Outbound Sales,1196,45,0,1070.44,0.0,6,0.03762541806020067,0.0,,0.0,-1070.44,
2026-01-31,Paid Search,2738,164,3,2006.24,1149.21,6,0.05989773557341125,0.018292682926829267,668.7466666666667,0.5728178084376745,-857.03,-0.7457557800576048
2026-01-31,Partnerships,2485,115,1,805.56,326.2,6,0.04627766599597585,0.008695652173913044,805.56,0.40493569690649983,-479.35999999999996,-1.4695278969957082
2026-01-31,Referral,1884,193,5,402.58,2939.63,6,0.10244161358811041,0.025906735751295335,80.51599999999999,7.301977246758409,2537.05,0.8630507921064896
2026-01-31,SEO,2377,131,3,1084.97,1320.81,6,0.05511148506520824,0.022900763358778626,361.6566666666667,1.2173700655317659,235.83999999999992,0.17855709753863155
2026-02-01,Content,2186,62,0,698.74,0.0,6,0.028362305580969808,0.0,,0.0,-698.74,
2026-02-01,LinkedIn Ads,1570,31,0,946.12,0.0,6,0.019745222929936305,0.0,,0.0,-946.12,
2026-02-01,Outbound Sales,2209,103,1,1265.07,877.39,6,0.046627433227704844,0.009708737864077669,1265.07,0.69355055451477,-387.67999999999995,-0.4418559591515745
2026-02-01,Paid Search,2476,119,2,1692.95,1570.78,6,0.048061389337641355,0.01680672268907563,846.475,0.9278360258719985,-122.17000000000007,-0.07777664599752994
2026-02-01,Partnerships,2074,87,1,830.34,795.51,6,0.041947926711668276,0.011494252873563218,830.34,0.9580533275525688,-34.83000000000004,-0.0437832333974432
2026-02-01,Referral,2317,196,5,422.86,2265.45,6,0.08459214501510574,0.025510204081632654,84.572,5.357446909142505,1842.5899999999997,0.8133439272550707
2026-02-01,SEO,2249,121,1,914.1600000000001,570.54,6,0.05380168963983993,0.008264462809917356,914.1600000000001,0.6241139406668416,-343.6200000000001,-0.602271532232622
2026-02-02,Content,2170,100,0,1036.73,0.0,6,0.04608294930875576,0.0,,0.0,-1036.73,
2026-02-02,LinkedIn Ads,2496,91,1,1659.97,309.93,6,0.036458333333333336,0.01098901098901099,1659.97,0.18670819352156967,-1350.04,-4.355951343851837
2026-02-02,Outbound Sales,2634,95,1,1335.78,837.73,6,0.0360668185269552,0.010526315789473684,1335.78,0.6271466858314992,-498.04999999999995,-0.5945232950950783
2026-02-02,Paid Search,3268,201,3,2958.89,1535.74,6,0.06150550795593635,0.014925373134328358,986.2966666666666,0.5190257157244778,-1423.1499999999999,-0.9266868089650591
2026-02-02,Partnerships,2706,80,1,1089.65,264.1,6,0.029563932002956393,0.0125,1089.65,0.24237140366172624,-825.5500000000001,-3.1258992805755397
2026-02-02,Referral,2748,215,6,405.39,3580.41,6,0.0782387190684134,0.027906976744186046,67.565,8.832013616517427,3175.02,0.8867755368798546
2026-02-02,SEO,2234,147,2,1285.65,1020.59,6,0.06580125335720681,0.013605442176870748,642.825,0.7938319138179131,-265.06000000000006,-0.2597125192290734
2026-02-03,Content,1919,95,1,1020.3299999999999,263.13,6,0.04950495049504951,0.010526315789473684,1020.3299999999999,0.2578871541560084,-757.1999999999999,-2.8776650324934443
2026-02-03,LinkedIn Ads,2564,177,1,1425.01,318.2,6,0.06903276131045241,0.005649717514124294,1425.01,0.22329667861979915,-1106.81,-3.4783469516027656
2026-02-03,Outbound Sales,3127,301,2,1706.6399999999999,966.04,6,0.09625839462743845,0.006644518272425249,853.3199999999999,0.5660479069985469,-740.5999999999999,-0.7666349219494016
2026-02-03,Paid Search,3197,278,4,2458.63,1997.9099999999999,6,0.08695652173913043,0.014388489208633094,614.6575,0.8126110882890064,-460.72000000000025,-0.23060097802203317
2026-02-03,Partnerships,1800,154,2,1193.46,1010.43,6,0.08555555555555555,0.012987012987012988,596.73,0.8466391835503493,-183.0300000000001,-0.18114070247320457
2026-02-03,Referral,2370,217,6,531.19,2989.1400000000003,6,0.09156118143459915,0.027649769585253458,88.53166666666668,5.627252019051563,2457.9500000000003,0.8222933686612203
2026-02-03,SEO,1838,145,2,1298.8400000000001,844.05,6,0.07889009793253536,0.013793103448275862,649.4200000000001,0.6498490961165346,-454.7900000000002,-0.5388187903560219
2026-02-04,Content,2049,159,2,1695.54,856.05,6,0.07759882869692533,0.012578616352201259,847.77,0.5048833999787679,-839.49,-0.9806553355528299
2026-02-04,LinkedIn Ads,2968,195,3,2449.87,1650.8899999999999,6,0.06570080862533692,0.015384615384615385,816.6233333333333,0.6738684093441693,-798.98,-0.4839692529484097
2026-02-04,Outbound Sales,3404,211,3,2633.66,1640.6,6,0.06198589894242068,0.014218009478672985,877.8866666666667,0.6229353826993613,-993.06,-0.6053029379495306
2026-02-04,Paid Search,4039,424,5,4352.34,2739.37,6,0.10497647932656598,0.01179245283018868,870.4680000000001,0.6294016552015697,-1612.9700000000003,-0.5888105659330432
2026-02-04,Partnerships,2351,203,3,1891.8,1498.87,6,0.08634623564440663,0.014778325123152709,630.6,0.7922983402050956,-392.93000000000006,-0.26215082028461445
2026-02-04,Referral,2002,128,4,873.5,1869.07,6,0.06393606393606394,0.03125,218.375,2.139748139668002,995.5699999999999,0.5326552777584574
2026-02-04,SEO,2758,218,4,2127.97,1674.44,6,0.07904278462654098,0.01834862385321101,531.9925,0.7868719953758747,-453.52999999999975,-0.2708547335228493
2026-02-05,Content,1737,107,2,1319.9,474.81,6,0.061600460564191134,0.018691588785046728,659.95,0.3597317978634745,-845.0900000000001,-1.7798487816179107
2026-02-05,LinkedIn Ads,2322,143,1,1850.42,348.02,6,0.0615848406546081,0.006993006993006993,1850.42,0.18807622053371664,-1502.4,-4.316993276248492
2026-02-05,Outbound Sales,4427,390,3,1721.6100000000001,1443.92,6,0.08809577592048791,0.007692307692307693,573.87,0.8387033067884132,-277.69000000000005,-0.19231674885035185
2026-02-05,Paid Search,2822,192,3,3098.81,1064.23,6,0.06803685329553508,0.015625,1032.9366666666667,0.343431833510283,-2034.58,-1.9117859861120245
2026-02-05,Partnerships,3083,275,3,1360.23,1565.8600000000001,6,0.08919883230619527,0.01090909090909091,453.41,1.1511729633958963,205.6300000000001,0.13132080773504662
2026-02-05,Referral,2954,179,5,642.01,3155.52,6,0.06059580230196344,0.027932960893854747,128.402,4.915063628292394,2513.51,0.7965438342967246
2026-02-05,SEO,2108,141,3,1562.93,1005.73,6,0.06688804554079697,0.02127659574468085,520.9766666666667,0.6434901115213093,-557.2,-0.5540254342616806
2026-02-06,Content,1891,144,2,1375.77,788.8,6,0.07615018508725542,0.013888888888888888,687.885,0.5733516503485321,-586.97,-0.7441303245436106
2026-02-06,LinkedIn Ads,2061,125,1,1965.9099999999999,256.99,6,0.0606501698204755,0.008,1965.9099999999999,0.13072317654419582,-1708.9199999999998,-6.649752908673489
2026-02-06,Outbound Sales,3177,103,1,2133.97,884.39,6,0.032420522505508344,0.009708737864077669,2133.97,0.41443412981438355,-1249.58,-1.4129286853085177
2026-02-06,Paid Search,2904,192,4,3282.5499999999997,2093.06,6,0.06611570247933884,0.020833333333333332,820.6374999999999,0.6376323285250797,-1189.4899999999998,-0.5683019120330998
2026-02-06,Partnerships,2267,142,1,1578.02,753.3,6,0.06263784737538597,0.007042253521126761,1578.02,0.4773703755338969,-824.72,-1.0948095048453472
2026-02-06,Referral,3418,286,8,731.12,4012.02,6,0.0836746635459333,0.027972027972027972,91.39,5.487498632235474,3280.9,0.8177676083369475
2026-02-06,SEO,2578,186,3,1634.1399999999999,1516.14,6,0.0721489526764934,0.016129032258064516,544.7133333333333,0.927790764561176,-117.99999999999977,-0.07782922421412256
2026-02-07,Content,1748,119,2,1283.02,1182.93,6,0.06807780320366133,0.01680672268907563,641.51,0.9219887453040483,-100.08999999999992,-0.08461193815356777
2026-02-07,LinkedIn Ads,2224,90,1,1622.6599999999999,266.63,6,0.040467625899280574,0.011111111111111112,1622.6599999999999,0.1643166159269348,-1356.0299999999997,-5.085811799122379
2026-02-07,Outbound Sales,3817,223,3,1965.88,1613.92,6,0.058422845166361016,0.013452914798206279,655.2933333333334,0.8209656744053554,-351.96000000000004,-0.21807772380291465
2026-02-07,Paid Search,2275,220,2,2836.67,1023.07,6,0.0967032967032967,0.00909090909090909,1418.335,0.36065880063595696,-1813.6,-1.772703725062801
2026-02-07,Partnerships,2622,142,2,1338.75,1339.37,6,0.05415713196033562,0.014084507042253521,669.375,1.0004631185807655,0.6199999999998909,0.00046290420122885453
2026-02-07,Referral,2602,225,5,771.1,2535.87,6,0.08647194465795542,0.022222222222222223,154.22,3.2886396057580076,1764.77,0.6959228982558254
2026-02-07,SEO,1806,137,3,1712.86,1326.3700000000001,6,0.07585825027685493,0.021897810218978103,570.9533333333333,0.7743598426024312,-386.4899999999998,-0.29138928051750246
2026-02-08,Content,2078,75,1,1193.49,679.7,6,0.03609239653512993,0.013333333333333334,1193.49,0.5695062380078594,-513.79,-0.7559070178019713
2026-02-08,LinkedIn Ads,2637,108,1,1468.9,887.82,6,0.040955631399317405,0.009259259259259259,1468.9,0.6044114643610865,-581.08,-0.6545020387015386
2026-02-08,Outbound Sales,2955,221,2,2065.4,1599.98,6,0.07478849407783418,0.00904977375565611,1032.7,0.7746586617604337,-465.4200000000001,-0.29089113613920176
2026-02-08,Paid Search,2867,192,2,2673.79,1438.55,6,0.06696895709801186,0.010416666666666666,1336.895,0.5380190665684291,-1235.24,-0.8586701887317091
2026-02-08,Partnerships,2561,96,1,1314.97,650.63,6,0.037485357282311595,0.010416666666666666,1314.97,0.49478695331452427,-664.34,-1.021071884173801
2026-02-08,Referral,3372,279,8,786.6,3517.93,6,0.08274021352313167,0.02867383512544803,98.325,4.472323925756419,2731.33,0.7764026003928447
2026-02-08,SEO,2564,100,2,1585.77,1368.75,6,0.0390015600624025,0.02,792.885,0.8631453489471992,-217.01999999999998,-0.15855342465753422
2026-02-09,Content,1678,103,1,935.33,368.72,6,0.06138259833134684,0.009708737864077669,935.33,0.3942138068916853,-566.61,-1.5366945107398566
2026-02-09,LinkedIn Ads,2460,108,1,1306.19,251.96,6,0.04390243902439024,0.009259259259259259,1306.19,0.19289689861352483,-1054.23,-4.184116526432767
2026-02-09,Outbound Sales,2532,156,1,1393.6100000000001,863.19,6,0.061611374407582936,0.00641025641025641,1393.6100000000001,0.6193913648725253,-530.4200000000001,-0.6144881196492082
2026-02-09,Paid Search,3659,214,3,2224.4700000000003,1315.05,6,0.05848592511615196,0.014018691588785047,741.4900000000001,0.5911745269659738,-909.4200000000003,-0.6915478498916393
2026-02-09,Partnerships,2153,226,2,1027.35,1021.14,6,0.1049698095680446,0.008849557522123894,513.675,0.9939553219448095,-6.209999999999923,-0.006081438392384906
2026-02-09,Referral,2558,142,6,459.9,3115.54,6,0.05551211884284597,0.04225352112676056,76.64999999999999,6.774385736029572,2655.64,0.8523851402967062
2026-02-09,SEO,2079,89,1,1167.01,336.07,6,0.04280904280904281,0.011235955056179775,1167.01,0.2879752529969752,-830.94,-2.4725206058261673
2026-02-10,Content,1729,89,1,693.9000000000001,300.06,6,0.05147484094852516,0.011235955056179775,693.9000000000001,0.43242542153047986,-393.8400000000001,-1.3125374925015
2026-02-10,LinkedIn Ads,2103,140,1,1024.53,357.4,6,0.06657156443176415,0.007142857142857143,1024.53,0.34884288405415165,-667.13,-1.8666200335758256
2026-02-10,Outbound Sales,2748,106,1,948.24,616.63,6,0.03857350800582242,0.009433962264150943,948.24,0.6502889563823504,-331.61,-0.5377779219304932
2026-02-10,Paid Search,2463,108,1,1702.52,350.16,6,0.0438489646772229,0.009259259259259259,1702.52,0.20567159269788315,-1352.36,-3.862120173634909
2026-02-10,Partnerships,1603,150,1,754.23,363.85,6,0.09357454772301933,0.006666666666666667,754.23,0.4824125266828421,-390.38,-1.0729146626357013
2026-02-10,Referral,2615,211,6,301.56,3039.57,6,0.08068833652007648,0.02843601895734597,50.26,10.07948666931954,2738.01,0.9007885983872719
2026-02-10,SEO,1608,89,1,844.74,257.08,6,0.05534825870646766,0.011235955056179775,844.74,0.3043303264909913,-587.6600000000001,-2.2859032207873042
2026-02-11,Content,1888,104,2,1026.33,630.12,6,0.05508474576271186,0.019230769230769232,513.165,0.613954576013563,-396.2099999999999,-0.6287849933346028
2026-02-11,LinkedIn Ads,2630,117,1,1361.17,376.49,6,0.04448669201520913,0.008547008547008548,1361.17,0.27659293108134914,-984.6800000000001,-2.615421392334458
2026-02-11,Outbound Sales,2440,175,1,1463.72,791.35,6,0.07172131147540983,0.005714285714285714,1463.72,0.5406430191566693,-672.37,-0.8496493334175775
2026-02-11,Paid Search,3171,244,2,2205.45,598.41,6,0.07694733522548092,0.00819672131147541,1102.725,0.27133238114670477,-1607.04,-2.6855166190404574
2026-02-11,Partnerships,2697,157,2,1099.62,1052.5,6,0.0582128290693363,0.012738853503184714,549.81,0.9571488332332989,-47.11999999999989,-0.044769596199524836
2026-02-11,Referral,2778,220,6,559.27,3080.82,6,0.07919366450683946,0.02727272727272727,93.21166666666666,5.508645198204803,2521.55,0.8184671613401627
2026-02-11,SEO,1900,140,2,1217.97,644.0,6,0.07368421052631578,0.014285714285714285,608.985,0.5287486555498083,-573.97,-0.8912577639751553
2026-02-12,Content,2421,147,3,1041.67,1170.88,6,0.06071871127633209,0.02040816326530612,347.22333333333336,1.1240412030681501,129.21000000000004,0.11035289696638428
2026-02-12,LinkedIn Ads,1666,119,1,1459.84,303.59,6,0.07142857142857142,0.008403361344537815,1459.84,0.2079611464270057,-1156.25,-3.808590533285023
2026-02-12,Outbound Sales,1555,55,0,1134.3,0.0,6,0.03536977491961415,0.0,,0.0,-1134.3,
2026-02-12,Paid Search,3067,214,3,2424.75,1336.37,6,0.06977502445386372,0.014018691588785047,808.25,0.5511372306423342,-1088.38,-0.8144301353667025
2026-02-12,Partnerships,2259,98,1,972.3,248.13,6,0.043382027445772464,0.01020408163265306,972.3,0.25519901265041656,-724.17,-2.918510458227542
2026-02-12,Referral,2846,209,6,484.21000000000004,3140.85,6,0.07343640196767393,0.028708133971291867,80.70166666666667,6.486545094070753,2656.64,0.8458347262683669
2026-02-12,SEO,2678,92,2,1262.37,679.52,6,0.03435399551904406,0.021739130434782608,631.185,0.5382890911539406,-582.8499999999999,-0.8577378149281845
2026-02-13,Content,1825,121,2,1467.6399999999999,737.78,6,0.0663013698630137,0.01652892561983471,733.8199999999999,0.5026982093701453,-729.8599999999999,-0.9892650925750223
2026-02-13,LinkedIn Ads,2557,127,1,1856.5300000000002,331.65,6,0.0496675791943684,0.007874015748031496,1856.5300000000002,0.1786397203384809,-1524.88,-4.597859188903966
2026-02-13,Outbound Sales,2638,121,1,2100.98,791.94,6,0.04586808188021228,0.008264462809917356,2100.98,0.3769383811364221,-1309.04,-1.652953506578781
2026-02-13,Paid Search,3120,315,5,3060.9700000000003,2596.91,6,0.10096153846153846,0.015873015873015872,612.1940000000001,0.84839446319304,-464.0600000000004,-0.17869698988413169
2026-02-13,Partnerships,2396,106,2,1515.92,853.7700000000001,6,0.04424040066777963,0.018867924528301886,757.96,0.5632025436698507,-662.15,-0.7755601625730582
2026-02-13,Referral,2910,228,6,887.75,3209.0499999999997,6,0.07835051546391752,0.02631578947368421,147.95833333333334,3.614812728808786,2321.2999999999997,0.7233604960969757
2026-02-13,SEO,2426,207,4,1824.5,1494.69,6,0.08532563891178896,0.01932367149758454,456.125,0.8192326664839682,-329.80999999999995,-0.22065445008664
2026-02-14,Content,2301,87,0,1032.78,0.0,6,0.03780964797913951,0.0,,0.0,-1032.78,
2026-02-14,LinkedIn Ads,2352,54,0,1508.45,0.0,6,0.02295918367346939,0.0,,0.0,-1508.45,
2026-02-14,Outbound Sales,3259,228,1,1816.9,618.13,6,0.06996011046333231,0.0043859649122807015,1816.9,0.3402113490010457,-1198.77,-1.9393493278113019
2026-02-14,Paid Search,2753,174,3,2537.5299999999997,1665.68,6,0.06320377769705776,0.017241379310344827,845.8433333333332,0.6564178551583627,-871.8499999999997,-0.5234198645598191
2026-02-14,Partnerships,2462,137,1,1291.73,633.24,6,0.05564581640942323,0.0072992700729927005,1291.73,0.49022628567889576,-658.49,-1.03987429726486
2026-02-14,Referral,3608,241,8,554.96,3573.8,6,0.06679600886917961,0.03319502074688797,69.37,6.439743404930085,3018.84,0.8447143096983603
2026-02-14,SEO,1790,112,2,1206.96,926.35,6,0.06256983240223464,0.017857142857142856,603.48,0.7675067939285477,-280.61,-0.30292006261132404
2026-02-15,Content,2112,131,2,1221.65,643.09,6,0.06202651515151515,0.015267175572519083,610.825,0.5264110015143454,-578.5600000000001,-0.8996563467010839
2026-02-15,LinkedIn Ads,2548,128,1,1692.56,321.17,6,0.05023547880690738,0.0078125,1692.56,0.18975398213357283,-1371.3899999999999,-4.269981629666531
2026-02-15,Outbound Sales,2590,171,2,1659.5900000000001,930.23,6,0.06602316602316602,0.011695906432748537,829.7950000000001,0.5605179592549967,-729.3600000000001,-0.7840641561764297
2026-02-15,Paid Search,3596,240,4,2865.89,1719.3899999999999,6,0.06674082313681869,0.016666666666666666,716.4725,0.5999497538286536,-1146.5,-0.6668062510541529
2026-02-15,Partnerships,3359,265,3,1270.95,1298.75,6,0.07889252753795772,0.011320754716981131,423.65000000000003,1.0218734017860656,27.799999999999955,0.021405197305101025
2026-02-15,Referral,2484,216,5,629.55,2698.17,6,0.08695652173913043,0.023148148148148147,125.91,4.2858708601381945,2068.62,0.7666751909627636
2026-02-15,SEO,1879,131,2,1460.52,643.8599999999999,6,0.06971793507184673,0.015267175572519083,730.26,0.44084298742913475,-816.6600000000001,-1.2683813251327931
2026-02-16,Content,2084,108,2,863.89,781.72,6,0.05182341650671785,0.018518518518518517,431.945,0.9048837236222205,-82.16999999999996,-0.10511436319909936
2026-02-16,LinkedIn Ads,2159,113,1,1177.03,257.96,6,0.0523390458545623,0.008849557522123894,1177.03,0.21916178856953517,-919.0699999999999,-3.56283919987595
2026-02-16,Outbound Sales,3033,151,1,1147.5100000000002,779.8,6,0.04978569073524563,0.006622516556291391,1147.5100000000002,0.6795583480753978,-367.71000000000026,-0.4715439856373433
2026-02-16,Paid Search,1552,95,1,1850.37,339.91,6,0.061211340206185565,0.010526315789473684,1850.37,0.18369839545604394,-1510.4599999999998,-4.443705686799446
2026-02-16,Partnerships,2337,82,1,904.4,359.36,6,0.03508771929824561,0.012195121951219513,904.4,0.39734630694383016,-545.04,-1.5166963490650043
2026-02-16,Referral,2485,188,5,438.6,2642.36,6,0.07565392354124749,0.026595744680851064,87.72,6.02453260373917,2203.76,0.8340120195582738
2026-02-16,SEO,2017,93,2,1074.51,701.6099999999999,6,0.04610808130887457,0.021505376344086023,537.255,0.6529580925258954,-372.9000000000001,-0.5314918544490531
2026-02-17,Content,1868,197,3,1288.57,1028.08,6,0.10546038543897217,0.015228426395939087,429.5233333333333,0.7978456738865564,-260.49,-0.25337522371799864
2026-02-17,LinkedIn Ads,2577,186,2,1647.6399999999999,575.04,6,0.07217694994179279,0.010752688172043012,823.8199999999999,0.3490082785074409,-1072.6,-1.8652615470228158
2026-02-17,Outbound Sales,3784,167,2,1656.75,960.53,6,0.04413319238900634,0.011976047904191617,828.375,0.5797676173230722,-696.22,-0.724829000655888
2026-02-17,Paid Search,2262,154,3,2764.77,1155.55,6,0.0680813439434129,0.01948051948051948,921.59,0.41795520061343255,-1609.22,-1.3926009259659904
2026-02-17,Partnerships,2391,183,2,1248.6999999999998,567.0699999999999,6,0.07653701380175659,0.01092896174863388,624.3499999999999,0.4541282934251622,-681.6299999999999,-1.2020209145255436
2026-02-17,Referral,2205,150,4,702.24,2497.9,6,0.06802721088435375,0.02666666666666667,175.56,3.5570460241512873,1795.66,0.7188678489931543
2026-02-17,SEO,2583,227,4,1615.67,1735.5500000000002,6,0.08788230739450252,0.01762114537444934,403.9175,1.0741983202015264,119.88000000000011,0.06907320445968143
2026-02-18,Content,2194,151,1,1105.86,321.03,6,0.06882406563354604,0.006622516556291391,1105.86,0.29029895285117463,-784.8299999999999,-2.444724792075507
2026-02-18,LinkedIn Ads,3258,155,2,1868.1799999999998,954.56,6,0.04757519950890117,0.012903225806451613,934.0899999999999,0.510957188279502,-913.6199999999999,-0.9571111297351659
2026-02-18,Outbound Sales,2246,144,1,1114.01,619.31,6,0.06411398040961709,0.006944444444444444,1114.01,0.5559285823287043,-494.70000000000005,-0.7987922042272854
2026-02-18,Paid Search,2900,166,2,3270.63,1066.1399999999999,6,0.05724137931034483,0.012048192771084338,1635.315,0.3259738949376725,-2204.4900000000002,-2.0677303168439423
2026-02-18,Partnerships,3036,142,1,1079.1,259.2,6,0.046772068511198944,0.007042253521126761,1079.1,0.2402001668056714,-819.8999999999999,-3.163194444444444
2026-02-18,Referral,3434,284,7,335.02,3934.76,6,0.08270238788584741,0.02464788732394366,47.86,11.74485105366844,3599.7400000000002,0.9148563063566775
2026-02-18,SEO,2610,99,1,1292.21,326.45,6,0.03793103448275862,0.010101010101010102,1292.21,0.2526292166133987,-965.76,-2.9583703476795833
2026-02-19,Content,1686,69,0,599.03,0.0,6,0.04092526690391459,0.0,,0.0,-599.03,
2026-02-19,LinkedIn Ads,2608,53,0,848.24,0.0,6,0.020322085889570553,0.0,,0.0,-848.24,
2026-02-19,Outbound Sales,2393,52,0,755.04,0.0,6,0.02173004596740493,0.0,,0.0,-755.04,
2026-02-19,Paid Search,2674,94,1,1427.95,359.84,6,0.035153328347045626,0.010638297872340425,1427.95,0.25199761896424944,-1068.1100000000001,-2.968291462872388
2026-02-19,Partnerships,1999,70,0,605.71,0.0,6,0.03501750875437719,0.0,,0.0,-605.71,
2026-02-19,Referral,2846,223,8,279.0,3876.23,6,0.07835558678847505,0.03587443946188341,34.875,13.893297491039426,3597.23,0.928022846941487
2026-02-19,SEO,2033,86,0,724.9000000000001,0.0,6,0.04230201672405312,0.0,,0.0,-724.9000000000001,
2026-02-20,Content,1795,94,1,844.35,317.51,6,0.05236768802228412,0.010638297872340425,844.35,0.376040741398709,-526.84,-1.6592863216906555
2026-02-20,LinkedIn Ads,1982,180,1,1265.51,303.29,6,0.09081735620585267,0.005555555555555556,1265.51,0.23965831957076594,-962.22,-3.172607075736094
2026-02-20,Outbound Sales,2141,132,1,918.75,341.49,6,0.06165343297524521,0.007575757575757576,918.75,0.37168979591836737,-577.26,-1.6904155319335852
2026-02-20,Paid Search,2729,119,3,2138.86,1279.5700000000002,6,0.043605716379626236,0.025210084033613446,712.9533333333334,0.5982485997213469,-859.29,-0.6715459099541251
2026-02-20,Partnerships,2202,61,0,819.65,0.0,6,0.027702089009990917,0.0,,0.0,-819.65,
2026-02-20,Referral,2386,165,5,339.76,3085.24,6,0.0691533948030176,0.030303030303030304,67.952,9.080645161290322,2745.4799999999996,0.8898756660746002
2026-02-20,SEO,2045,131,2,960.9,676.1099999999999,6,0.06405867970660147,0.015267175572519083,480.45,0.7036216047455509,-284.7900000000001,-0.42121844078626275
2026-02-21,Content,1891,71,0,616.36,0.0,6,0.0375462718138551,0.0,,0.0,-616.36,
2026-02-21,LinkedIn Ads,2106,102,0,883.75,0.0,6,0.04843304843304843,0.0,,0.0,-883.75,
2026-02-21,Outbound Sales,2275,244,1,1032.93,791.69,6,0.10725274725274725,0.004098360655737705,1032.93,0.7664507759480313,-241.24,-0.30471522944586893
2026-02-21,Paid Search,2260,196,2,1469.48,943.7,6,0.08672566371681416,0.01020408163265306,734.74,0.6421999618912813,-525.78,-0.5571473985376708
2026-02-21,Partnerships,2700,125,1,741.95,771.89,6,0.046296296296296294,0.008,741.95,1.040353123525844,29.93999999999994,0.03878791019445768
2026-02-21,Referral,2486,216,6,323.51,2725.6099999999997,6,0.08688656476267095,0.027777777777777776,53.91833333333333,8.425118234366789,2402.0999999999995,0.8813073036861472
2026-02-21,SEO,2090,80,0,757.75,0.0,6,0.03827751196172249,0.0,,0.0,-757.75,
2026-02-22,Content,1907,82,2,991.28,880.02,6,0.04299947561615102,0.024390243902439025,495.64,0.8877612783471874,-111.25999999999999,-0.12642894479670916
2026-02-22,LinkedIn Ads,2572,111,1,1288.6799999999998,282.65,6,0.04315707620528771,0.009009009009009009,1288.6799999999998,0.21933296085917373,-1006.0299999999999,-3.5592782593313284
2026-02-22,Outbound Sales,2094,103,0,1121.3600000000001,0.0,6,0.04918815663801337,0.0,,0.0,-1121.3600000000001,
2026-02-22,Paid Search,3203,143,1,2113.6,304.44,6,0.04464564470808617,0.006993006993006993,2113.6,0.14403860711582137,-1809.1599999999999,-5.942583103402969
2026-02-22,Partnerships,2297,156,1,907.61,269.88,6,0.06791467131040488,0.00641025641025641,907.61,0.2973523870384857,-637.73,-2.363013191047873
2026-02-22,Referral,3085,221,7,513.64,3666.3999999999996,6,0.07163695299837926,0.03167420814479638,73.37714285714286,7.13807335877268,3152.7599999999998,0.859906174994545
2026-02-22,SEO,2684,176,3,1250.29,971.1,6,0.06557377049180328,0.017045454545454544,416.7633333333333,0.7766998056450903,-279.18999999999994,-0.28749871279991757
2026-02-23,Content,1670,97,1,1065.4,368.3,6,0.05808383233532934,0.010309278350515464,1065.4,0.34569175896376947,-697.1000000000001,-1.892750475156123
2026-02-23,LinkedIn Ads,2731,119,1,1524.77,274.43,6,0.04357378249725375,0.008403361344537815,1524.77,0.17998124307272573,-1250.34,-4.556134533396494
2026-02-23,Outbound Sales,2499,184,1,1561.45,875.98,6,0.07362945178071229,0.005434782608695652,1561.45,0.5610041948189183,-685.47,-0.7825178657046965
2026-02-23,Paid Search,3903,299,4,2610.79,2390.68,6,0.07660773763771458,0.013377926421404682,652.6975,0.9156921851240428,-220.11000000000013,-0.09207003865009125
2026-02-23,Partnerships,2446,148,2,1163.4099999999999,960.27,6,0.06050695012264922,0.013513513513513514,581.7049999999999,0.825392595903422,-203.13999999999987,-0.21154466972830546
2026-02-23,Referral,3436,292,6,528.6,2634.28,6,0.08498253783469151,0.02054794520547945,88.10000000000001,4.983503594400303,2105.6800000000003,0.7993379595183504
2026-02-23,SEO,1747,98,2,1338.59,1004.23,6,0.05609616485403549,0.02040816326530612,669.295,0.7502147782368015,-334.3599999999999,-0.33295161466994605
2026-02-24,Content,2479,101,1,1146.99,288.74,6,0.040742234772085516,0.009900990099009901,1146.99,0.251737155511382,-858.25,-2.9723973124610374
2026-02-24,LinkedIn Ads,2025,106,2,1836.27,933.3800000000001,6,0.05234567901234568,0.018867924528301886,918.135,0.5083021560010239,-902.8899999999999,-0.9673337761683342
2026-02-24,Outbound Sales,3137,187,1,1307.65,758.35,6,0.05961109340133886,0.0053475935828877,1307.65,0.5799334684357434,-549.3000000000001,-0.7243357288850795
2026-02-24,Paid Search,2504,170,3,3178.95,1263.74,6,0.06789137380191693,0.01764705882352941,1059.6499999999999,0.39753377687601255,-1915.2099999999998,-1.51550951936316
2026-02-24,Partnerships,2782,161,1,1162.2,253.82,6,0.05787203450754853,0.006211180124223602,1162.2,0.2183961452417828,-908.3800000000001,-3.5788353951619265
2026-02-24,Referral,3338,209,7,428.82,3948.5099999999998,6,0.06261234272019173,0.03349282296650718,61.26,9.207849447320553,3519.6899999999996,0.8913970079852906
2026-02-24,SEO,2460,147,2,1312.99,626.03,6,0.05975609756097561,0.013605442176870748,656.495,0.4767972337946214,-686.96,-1.0973276041084294
2026-02-25,Content,2016,121,1,1253.8500000000001,534.71,6,0.06001984126984127,0.008264462809917356,1253.8500000000001,0.42645452007815926,-719.1400000000001,-1.3449159357408689
2026-02-25,LinkedIn Ads,3126,224,2,2076.93,855.8399999999999,6,0.07165706973768395,0.008928571428571428,1038.465,0.4120697375453193,-1221.09,-1.4267736960179473
2026-02-25,Outbound Sales,3718,200,3,1683.45,1936.18,6,0.05379236148466918,0.015,561.15,1.1501262288752265,252.73000000000002,0.13053021929779257
2026-02-25,Paid Search,2620,188,3,3701.99,1586.1799999999998,6,0.0717557251908397,0.015957446808510637,1233.9966666666667,0.42846685161224096,-2115.81,-1.3339028357437366
2026-02-25,Partnerships,2244,128,2,1373.98,1563.7199999999998,6,0.0570409982174688,0.015625,686.99,1.1380951687797491,189.73999999999978,0.12133885861919001
2026-02-25,Referral,2422,134,4,467.39000000000004,1983.77,6,0.05532617671345995,0.029850746268656716,116.84750000000001,4.2443569609961695,1516.3799999999999,0.7643930495974836
2026-02-25,SEO,2140,148,3,1528.74,1439.57,6,0.0691588785046729,0.02027027027027027,509.58,0.9416709185342177,-89.17000000000007,-0.061942107712719824
2026-02-26,Content,2097,121,2,1227.85,706.74,6,0.05770147830233667,0.01652892561983471,613.925,0.5755914810441015,-521.1099999999999,-0.7373432945637716
2026-02-26,LinkedIn Ads,2477,155,1,1472.0,341.63,6,0.06257569640694388,0.0064516129032258064,1472.0,0.23208559782608695,-1130.37,-3.3087550859116583
2026-02-26,Outbound Sales,3877,207,2,1878.6399999999999,1064.9099999999999,6,0.05339179778179005,0.00966183574879227,939.3199999999999,0.5668515521866883,-813.73,-0.7641303020912567
2026-02-26,Paid Search,2967,145,3,2295.24,1239.34,6,0.04887091338051904,0.020689655172413793,765.0799999999999,0.5399609626879978,-1055.8999999999999,-0.8519857343424726
2026-02-26,Partnerships,2594,148,1,1325.95,760.92,6,0.05705474171164225,0.006756756756756757,1325.95,0.5738677929032014,-565.0300000000001,-0.7425616359144196
2026-02-26,Referral,2678,235,6,807.71,2989.7,6,0.08775205377147124,0.02553191489361702,134.61833333333334,3.7014522539030095,2181.99,0.7298357694751981
2026-02-26,SEO,2174,157,4,1465.32,2039.94,6,0.07221711131554738,0.025477707006369428,366.33,1.3921464253541889,574.6200000000001,0.2816847554339834
2026-02-27,Content,1728,107,3,1462.32,1158.58,6,0.061921296296296294,0.028037383177570093,487.44,0.792288965479512,-303.74,-0.2621657546306686
2026-02-27,LinkedIn Ads,3107,208,3,2005.56,1248.99,6,0.06694560669456066,0.014423076923076924,668.52,0.6227637168671094,-756.5699999999999,-0.6057454423173924
2026-02-27,Outbound Sales,3264,166,1,2021.07,887.65,6,0.0508578431372549,0.006024096385542169,2021.07,0.43919804855843686,-1133.42,-1.276877147524362
2026-02-27,Paid Search,3477,313,4,3338.24,2072.04,6,0.09002013229795801,0.012779552715654952,834.56,0.6206983320552147,-1266.1999999999998,-0.6110885890233778
2026-02-27,Partnerships,3133,231,3,1541.3999999999999,1421.01,6,0.07373124800510693,0.012987012987012988,513.8,0.9218956792526276,-120.38999999999987,-0.08472143053180475
2026-02-27,Referral,2694,216,5,789.4300000000001,3041.84,6,0.0801781737193764,0.023148148148148147,157.88600000000002,3.8532105443167852,2252.41,0.74047615916682
2026-02-27,SEO,1991,159,3,1721.27,1000.48,6,0.07985936715218483,0.018867924528301886,573.7566666666667,0.5812452433377681,-720.79,-0.7204441867903406
2026-02-28,Content,2035,157,2,1123.22,793.86,6,0.07714987714987714,0.012738853503184714,561.61,0.706771603069746,-329.36,-0.4148842365152546
2026-02-28,LinkedIn Ads,1733,85,0,1507.74,0.0,6,0.04904789382573572,0.0,,0.0,-1507.74,
2026-02-28,Outbound Sales,2854,114,1,1205.37,873.71,6,0.039943938332165384,0.008771929824561403,1205.37,0.7248479719920026,-331.65999999999985,-0.3795996383239288
2026-02-28,Paid Search,2598,115,1,2433.24,527.88,6,0.04426481909160893,0.008695652173913044,2433.24,0.21694530749124627,-1905.3599999999997,-3.6094566947033413
2026-02-28,Partnerships,2288,47,0,1030.49,0.0,6,0.02054195804195804,0.0,,0.0,-1030.49,
2026-02-28,Referral,4239,325,10,612.66,4903.67,6,0.0766690257136117,0.03076923076923077,61.266,8.003901021773904,4291.01,0.8750609237571044
2026-02-28,SEO,2168,87,1,1298.79,541.0,6,0.04012915129151291,0.011494252873563218,1298.79,0.4165415502121205,-757.79,-1.400720887245841
2026-03-01,Content,1991,97,2,1059.03,642.6300000000001,6,0.048719236564540434,0.020618556701030927,529.515,0.6068100053822839,-416.39999999999986,-0.6479622800056016
2026-03-01,LinkedIn Ads,2309,146,1,1385.55,299.91,6,0.06323083585967952,0.00684931506849315,1385.55,0.21645555916423084,-1085.6399999999999,-3.619885965789736
2026-03-01,Outbound Sales,2440,110,1,1278.54,782.22,6,0.045081967213114756,0.00909090909090909,1278.54,0.6118072176075837,-496.31999999999994,-0.634501802561939
2026-03-01,Paid Search,2528,219,3,2287.37,1766.29,6,0.08662974683544304,0.0136986301369863,762.4566666666666,0.7721925180447413,-521.0799999999999,-0.2950138425739827
2026-03-01,Partnerships,2341,106,2,1018.3,1109.1399999999999,6,0.04527979495941905,0.018867924528301886,509.15,1.0892075027005794,90.83999999999992,0.08190129289359317
2026-03-01,Referral,2903,168,5,614.46,2536.5499999999997,6,0.05787116775749225,0.02976190476190476,122.89200000000001,4.12809621456238,1922.0899999999997,0.7577575841201631
2026-03-01,SEO,1894,141,2,1176.77,650.05,6,0.07444561774023231,0.014184397163120567,588.385,0.55240191371296,-526.72,-0.8102761326051843
2026-03-02,Content,3092,144,1,914.33,346.37,6,0.04657179818887452,0.006944444444444444,914.33,0.3788238382203362,-567.96,-1.6397494009296418
2026-03-02,LinkedIn Ads,2732,87,1,1159.26,333.7,6,0.03184480234260615,0.011494252873563218,1159.26,0.2878560460983731,-825.56,-2.473958645489961
2026-03-02,Outbound Sales,2594,114,1,1568.81,691.24,6,0.04394757131842714,0.008771929824561403,1568.81,0.4406142235197379,-877.5699999999999,-1.2695590532955268
2026-03-02,Paid Search,2993,126,2,1934.08,1249.9,6,0.0420982292014701,0.015873015873015872,967.04,0.6462504136333554,-684.1799999999998,-0.5473877910232817
2026-03-02,Partnerships,2141,184,2,1068.23,1095.05,6,0.08594114899579636,0.010869565217391304,534.115,1.0251069526225625,26.819999999999936,0.024492032327290934
2026-03-02,Referral,2796,261,6,580.9100000000001,3064.12,6,0.09334763948497854,0.022988505747126436,96.81833333333334,5.274689710970717,2483.21,0.8104153884312625
2026-03-02,SEO,1337,105,1,1056.9,303.74,6,0.07853403141361257,0.009523809523809525,1056.9,0.2873876431072003,-753.1600000000001,-2.4796207282544285
2026-03-03,Content,2645,150,3,1658.56,1108.42,6,0.05671077504725898,0.02,552.8533333333334,0.6683026239629559,-550.1399999999999,-0.49632810667436517
2026-03-03,LinkedIn Ads,2513,141,2,2442.33,857.78,6,0.05610823716673299,0.014184397163120567,1221.165,0.35121379993694546,-1584.55,-1.8472685303924083
2026-03-03,Outbound Sales,3357,162,2,2027.5,1477.1100000000001,6,0.04825737265415549,0.012345679012345678,1013.75,0.728537607891492,-550.3899999999999,-0.3726127370338024
2026-03-03,Paid Search,3909,335,5,4212.34,2773.54,6,0.08569966743412638,0.014925373134328358,842.4680000000001,0.6584321303598475,-1438.8000000000002,-0.5187594193701912
2026-03-03,Partnerships,2064,167,2,1650.67,1141.8,6,0.0809108527131783,0.011976047904191617,825.335,0.6917191201148624,-508.8700000000001,-0.4456734979856368
2026-03-03,Referral,2914,236,6,767.11,3066.63,6,0.08098833218943034,0.025423728813559324,127.85166666666667,3.9976404948442856,2299.52,0.749852443887916
2026-03-03,SEO,2393,138,3,2035.9099999999999,1380.35,6,0.057668198913497705,0.021739130434782608,678.6366666666667,0.6780014833661606,-655.56,-0.4749230267685732
2026-03-04,Content,1615,29,0,924.52,0.0,6,0.017956656346749224,0.0,,0.0,-924.52,
2026-03-04,LinkedIn Ads,2513,61,0,1335.44,0.0,6,0.024273776362912853,0.0,,0.0,-1335.44,
2026-03-04,Outbound Sales,3554,184,1,1163.3700000000001,603.41,6,0.05177265053460889,0.005434782608695652,1163.3700000000001,0.518674196515296,-559.9600000000002,-0.9279925755290768
2026-03-04,Paid Search,3063,209,3,2430.66,1546.33,6,0.06823375775383611,0.014354066985645933,810.2199999999999,0.6361770054223955,-884.3299999999999,-0.5718895707901935
2026-03-04,Partnerships,2384,101,0,894.6800000000001,0.0,6,0.04236577181208054,0.0,,0.0,-894.6800000000001,
2026-03-04,Referral,3212,239,8,423.16999999999996,3428.23,6,0.07440846824408469,0.03347280334728033,52.896249999999995,8.10130680341234,3005.06,0.8765631244111393
2026-03-04,SEO,1985,110,1,1208.2,684.7,6,0.055415617128463476,0.00909090909090909,1208.2,0.5667108094686311,-523.5,-0.764568424127355
2026-03-05,Content,1074,85,1,763.39,317.9,6,0.07914338919925512,0.011764705882352941,763.39,0.4164319679325115,-445.49,-1.4013526266121423
2026-03-05,LinkedIn Ads,2367,121,1,1133.3899999999999,303.9,6,0.05111956062526405,0.008264462809917356,1133.3899999999999,0.2681336521409224,-829.4899999999999,-2.729483382691675
2026-03-05,Outbound Sales,2322,89,1,969.73,311.0,6,0.03832902670111973,0.011235955056179775,969.73,0.3207078258896806,-658.73,-2.118102893890675
2026-03-05,Paid Search,2103,128,1,1945.71,372.06,6,0.060865430337612936,0.0078125,1945.71,0.19122068550811785,-1573.65,-4.229559748427673
2026-03-05,Partnerships,2823,160,1,783.3000000000001,331.76,6,0.05667729365922777,0.00625,783.3000000000001,0.42354142729477845,-451.5400000000001,-1.361044128285508
2026-03-05,Referral,3131,265,7,307.05,3887.34,6,0.08463749600766528,0.026415094339622643,43.864285714285714,12.66028334147533,3580.29,0.9210128262513698
2026-03-05,SEO,1504,116,1,970.71,344.43,6,0.07712765957446809,0.008620689655172414,970.71,0.35482275859937573,-626.28,-1.8183085097116976
2026-03-06,Content,1843,94,1,997.8500000000001,355.59,6,0.051003798155181766,0.010638297872340425,997.8500000000001,0.35635616575637613,-642.2600000000002,-1.80618127618887
2026-03-06,LinkedIn Ads,2512,121,1,1458.38,350.71,6,0.0481687898089172,0.008264462809917356,1458.38,0.2404791618096792,-1107.67,-3.1583644606655077
2026-03-06,Outbound Sales,3546,237,2,1388.8899999999999,1080.7,6,0.06683587140439932,0.008438818565400843,694.4449999999999,0.7781033775172981,-308.1899999999998,-0.2851762746368093
2026-03-06,Paid Search,3051,273,3,2545.02,1358.12,6,0.08947885939036382,0.01098901098901099,848.34,0.5336382425285459,-1186.9,-0.8739286660972522
2026-03-06,Partnerships,2678,99,1,1057.47,296.68,6,0.03696788648244959,0.010101010101010102,1057.47,0.2805564224044181,-760.79,-2.5643454226776323
2026-03-06,Referral,3138,237,6,426.22,3144.7,6,0.07552581261950286,0.02531645569620253,71.03666666666668,7.378114588710055,2718.4799999999996,0.8644640188253251
2026-03-06,SEO,1601,79,2,1305.4499999999998,915.18,6,0.04934415990006246,0.02531645569620253,652.7249999999999,0.7010456164540964,-390.26999999999987,-0.4264407001901264
2026-03-07,Content,1621,89,0,609.77,0.0,6,0.054904380012338064,0.0,,0.0,-609.77,
2026-03-07,LinkedIn Ads,2714,121,0,990.8,0.0,6,0.04458364038319823,0.0,,0.0,-990.8,
2026-03-07,Outbound Sales,2571,80,0,683.54,0.0,6,0.031116297160637883,0.0,,0.0,-683.54,
2026-03-07,Paid Search,2294,167,2,1695.12,1012.0600000000001,6,0.07279860505666957,0.011976047904191617,847.56,0.5970432771721177,-683.0599999999998,-0.6749204592613084
2026-03-07,Partnerships,2201,79,0,619.76,0.0,6,0.03589277601090413,0.0,,0.0,-619.76,
2026-03-07,Referral,2967,278,7,219.92,3497.7799999999997,6,0.09369733737782272,0.025179856115107913,31.417142857142856,15.90478355765733,3277.8599999999997,0.9371258341004866
2026-03-07,SEO,2051,40,0,710.4,0.0,6,0.019502681618722574,0.0,,0.0,-710.4,
2026-03-08,Content,1447,106,1,962.21,306.34,6,0.07325501036627505,0.009433962264150943,962.21,0.31837124951933565,-655.8700000000001,-2.140987138473592
2026-03-08,LinkedIn Ads,2013,83,0,1439.31,0.0,6,0.04123199205166418,0.0,,0.0,-1439.31,
2026-03-08,Outbound Sales,2351,39,0,1197.61,0.0,6,0.01658868566567418,0.0,,0.0,-1197.61,
2026-03-08,Paid Search,2415,156,2,2565.6499999999996,1390.02,6,0.06459627329192547,0.01282051282051282,1282.8249999999998,0.5417808352659171,-1175.6299999999997,-0.8457648091394366
2026-03-08,Partnerships,1757,51,0,961.84,0.0,6,0.02902675014228799,0.0,,0.0,-961.84,
2026-03-08,Referral,3531,311,10,438.91,4796.4800000000005,6,0.08807703200226565,0.03215434083601286,43.891000000000005,10.928162949123967,4357.570000000001,0.9084933117619588
2026-03-08,SEO,1614,109,1,1154.06,687.07,6,0.06753407682775713,0.009174311926605505,1154.06,0.5953503284058022,-466.9899999999999,-0.6796832928231473
2026-03-09,Content,1923,138,2,877.46,633.66,6,0.0717628705148206,0.014492753623188406,438.73,0.7221525767556355,-243.80000000000007,-0.3847489189786322
2026-03-09,LinkedIn Ads,2635,133,1,1336.6,359.77,6,0.05047438330170778,0.007518796992481203,1336.6,0.26916803830614994,-976.8299999999999,-2.715151346693721
2026-03-09,Outbound Sales,2305,51,0,936.6600000000001,0.0,6,0.02212581344902386,0.0,,0.0,-936.6600000000001,
2026-03-09,Paid Search,3053,206,3,2253.08,1067.99,6,0.0674746151326564,0.014563106796116505,751.0266666666666,0.47401335061338257,-1185.09,-1.1096452213972041
2026-03-09,Partnerships,2542,119,1,850.3199999999999,287.69,6,0.04681353265145555,0.008403361344537815,850.3199999999999,0.338331451688776,-562.6299999999999,-1.9556814626855292
2026-03-09,Referral,2484,189,5,330.44,2660.3,6,0.07608695652173914,0.026455026455026454,66.088,8.050780777145624,2329.86,0.875788444912228
2026-03-09,SEO,1918,134,2,1023.88,552.9499999999999,6,0.06986444212721585,0.014925373134328358,511.94,0.5400535218970972,-470.93000000000006,-0.8516683244416314
2026-03-10,Content,1998,106,1,791.4200000000001,350.94,6,0.05305305305305305,0.009433962264150943,791.4200000000001,0.44343079527937124,-440.4800000000001,-1.2551433293440477
2026-03-10,LinkedIn Ads,2310,144,1,1102.6,369.43,6,0.06233766233766234,0.006944444444444444,1102.6,0.3350535098857247,-733.1699999999998,-1.984597894053
2026-03-10,Outbound Sales,1684,86,0,1025.93,0.0,6,0.0510688836104513,0.0,,0.0,-1025.93,
2026-03-10,Paid Search,2698,159,2,1903.9299999999998,956.99,6,0.05893254262416605,0.012578616352201259,951.9649999999999,0.5026392777045375,-946.9399999999998,-0.9894983228664874
2026-03-10,Partnerships,2169,136,1,785.85,270.1,6,0.06270170585523283,0.007352941176470588,785.85,0.34370426926258196,-515.75,-1.9094779711218066
2026-03-10,Referral,2769,215,6,375.74,3193.4700000000003,6,0.07764535933550018,0.027906976744186046,62.623333333333335,8.499148347261405,2817.7300000000005,0.8823411524141452
2026-03-10,SEO,2639,134,2,1049.2,916.45,6,0.050776809397499054,0.014925373134328358,524.6,0.8734750285932139,-132.75,-0.14485241966282938
2026-03-11,Content,2443,91,2,1794.31,846.96,6,0.03724928366762178,0.02197802197802198,897.155,0.4720254582541479,-947.3499999999999,-1.1185298006989703
2026-03-11,LinkedIn Ads,3281,304,4,2214.75,1642.0700000000002,6,0.09265467845169156,0.013157894736842105,553.6875,0.7414245400158032,-572.6799999999998,-0.3487549251858933
2026-03-11,Outbound Sales,3233,211,2,2084.26,1256.4099999999999,6,0.0652644602536344,0.009478672985781991,1042.13,0.602808670703271,-827.8500000000004,-0.6589011548777871
2026-03-11,Paid Search,3608,350,5,3427.0,2350.54,6,0.09700665188470066,0.014285714285714285,685.4,0.6858885322439451,-1076.46,-0.4579628510895369
2026-03-11,Partnerships,2817,257,4,1673.95,1576.49,6,0.09123180688675896,0.01556420233463035,418.4875,0.9417784282684668,-97.46000000000004,-0.061820880563784125
2026-03-11,Referral,2389,157,3,1089.29,1960.47,6,0.06571787358727502,0.01910828025477707,363.09666666666664,1.7997686566479083,871.1800000000001,0.4443730329971895
2026-03-11,SEO,2198,195,4,2094.7400000000002,1316.53,6,0.08871701546860783,0.020512820512820513,523.6850000000001,0.6284932736282306,-778.2100000000003,-0.5911069250225975
2026-03-12,Content,1941,90,1,1168.62,230.63,6,0.04636785162287481,0.011111111111111112,1168.62,0.19735243278396744,-937.9899999999999,-4.067077136539045
2026-03-12,LinkedIn Ads,2021,93,1,1677.51,318.5,6,0.04601682335477486,0.010752688172043012,1677.51,0.18986474000154993,-1359.01,-4.26690737833595
2026-03-12,Outbound Sales,1490,159,1,2019.51,865.11,6,0.10671140939597315,0.006289308176100629,2019.51,0.42837619026397494,-1154.4,-1.334396781912127
2026-03-12,Paid Search,3356,308,4,2905.59,2201.11,6,0.09177592371871275,0.012987012987012988,726.3975,0.7575432184169136,-704.48,-0.3200566986656732
2026-03-12,Partnerships,2737,199,2,1410.21,895.51,6,0.07270734380708806,0.010050251256281407,705.105,0.6350188978946398,-514.7,-0.5747562841285971
2026-03-12,Referral,2210,207,6,621.11,2916.15,6,0.09366515837104072,0.028985507246376812,103.51833333333333,4.695062066300656,2295.04,0.7870102703907549
2026-03-12,SEO,2652,104,3,1448.8400000000001,1639.42,6,0.0392156862745098,0.028846153846153848,482.9466666666667,1.1315397145302448,190.57999999999993,0.11624842932256525
2026-03-13,Content,2179,91,1,1241.6200000000001,334.48,6,0.041762276273519965,0.01098901098901099,1241.6200000000001,0.2693899904962871,-907.1400000000001,-2.712090408993064
2026-03-13,LinkedIn Ads,2364,142,1,1905.6499999999999,744.82,6,0.06006768189509306,0.007042253521126761,1905.6499999999999,0.3908482669955134,-1160.83,-1.5585376332536718
2026-03-13,Outbound Sales,2843,274,2,1759.54,1456.56,6,0.0963770664790714,0.0072992700729927005,879.77,0.8278072678086318,-302.98,-0.20801065524248918
2026-03-13,Paid Search,3015,257,4,3356.79,2383.2200000000003,6,0.08524046434494195,0.01556420233463035,839.1975,0.7099699415215132,-973.5699999999997,-0.4085103347571771
2026-03-13,Partnerships,3242,203,1,1362.07,875.51,6,0.06261566933991364,0.0049261083743842365,1362.07,0.6427790054842997,-486.55999999999995,-0.55574465168873
2026-03-13,Referral,2857,298,8,562.02,3705.2,6,0.10430521526076304,0.026845637583892617,70.2525,6.592647948471584,3143.18,0.8483158803843247
2026-03-13,SEO,1569,95,1,1485.4,647.64,6,0.06054811982154239,0.010526315789473684,1485.4,0.4360037700282752,-837.7600000000001,-1.2935581495892783
2026-03-14,Content,2014,124,2,1342.41,844.0799999999999,6,0.06156901688182721,0.016129032258064516,671.205,0.6287795829888037,-498.33000000000015,-0.5903824282058575
2026-03-14,LinkedIn Ads,1724,57,0,1645.74,0.0,6,0.03306264501160093,0.0,,0.0,-1645.74,
2026-03-14,Outbound Sales,2757,179,2,1814.45,1434.74,6,0.06492564381574174,0.0111731843575419,907.225,0.7907299732701369,-379.71000000000004,-0.2646542230648062
2026-03-14,Paid Search,2733,231,3,2800.2,1470.23,6,0.0845225027442371,0.012987012987012988,933.4,0.5250446396685952,-1329.9699999999998,-0.9045999605503899
2026-03-14,Partnerships,2564,121,1,1298.82,726.1,6,0.04719188767550702,0.008264462809917356,1298.82,0.5590459032044471,-572.7199999999999,-0.788761878529128
2026-03-14,Referral,2853,243,7,854.95,3544.36,6,0.08517350157728706,0.02880658436213992,122.13571428571429,4.145692730569039,2689.41,0.7587857892539132
2026-03-14,SEO,2422,154,3,1667.96,1317.27,6,0.06358381502890173,0.01948051948051948,555.9866666666667,0.7897491546559869,-350.69000000000005,-0.2662248438057498
2026-03-15,Content,2788,97,1,866.0500000000001,666.86,6,0.03479196556671449,0.010309278350515464,866.0500000000001,0.7700017320016165,-199.19000000000005,-0.2986983774705336
2026-03-15,LinkedIn Ads,1606,88,1,1550.02,594.64,6,0.0547945205479452,0.011363636363636364,1550.02,0.3836337595643927,-955.38,-1.6066527646979685
2026-03-15,Outbound Sales,1846,68,0,917.9599999999999,0.0,6,0.03683640303358613,0.0,,0.0,-917.9599999999999,
2026-03-15,Paid Search,3032,215,2,2725.9700000000003,1478.71,6,0.07091029023746702,0.009302325581395349,1362.9850000000001,0.5424527782770904,-1247.2600000000002,-0.8434784372865539
2026-03-15,Partnerships,1627,77,0,895.15,0.0,6,0.04732636754763368,0.0,,0.0,-895.15,
2026-03-15,Referral,2916,307,6,266.23,3361.36,6,0.10528120713305898,0.019543973941368076,44.37166666666667,12.625774706081208,3095.13,0.920796939334079
2026-03-15,SEO,2255,84,1,943.46,670.31,6,0.03725055432372506,0.011904761904761904,943.46,0.7104805715133656,-273.1500000000001,-0.40749802330265117
2026-03-16,Content,1521,102,1,875.63,268.98,6,0.0670611439842209,0.00980392156862745,875.63,0.30718454141589485,-606.65,-2.2553721466280017
2026-03-16,LinkedIn Ads,2123,62,0,1054.2,0.0,6,0.02920395666509656,0.0,,0.0,-1054.2,
2026-03-16,Outbound Sales,2729,159,2,1275.7,1268.38,6,0.05826310003664346,0.012578616352201259,637.85,0.9942619738182958,-7.319999999999936,-0.005771141140667573
2026-03-16,Paid Search,1983,117,1,1896.21,607.17,6,0.059001512859304085,0.008547008547008548,1896.21,0.3202018763744522,-1289.04,-2.1230297939621523
2026-03-16,Partnerships,2951,86,0,855.76,0.0,6,0.029142663503896982,0.0,,0.0,-855.76,
2026-03-16,Referral,3284,268,8,561.22,4353.41,6,0.08160779537149818,0.029850746268656716,70.1525,7.7570471472862685,3792.1899999999996,0.8710849655787072
2026-03-16,SEO,2684,79,1,1152.08,543.16,6,0.029433681073025336,0.012658227848101266,1152.08,0.471460315255885,-608.92,-1.1210692981810149
2026-03-17,Content,2178,136,1,840.6700000000001,262.37,6,0.06244260789715335,0.007352941176470588,840.6700000000001,0.3120963041383658,-578.3000000000001,-2.204139192743073
2026-03-17,LinkedIn Ads,2312,98,1,1258.38,280.34,6,0.04238754325259515,0.01020408163265306,1258.38,0.22277849298304164,-978.0400000000002,-3.4887636441463945
2026-03-17,Outbound Sales,3029,225,1,1231.17,645.78,6,0.07428194123473093,0.0044444444444444444,1231.17,0.5245254513998878,-585.3900000000001,-0.9064851807116977
2026-03-17,Paid Search,3292,155,2,2132.5699999999997,615.79,6,0.04708383961117862,0.012903225806451613,1066.2849999999999,0.2887548826064326,-1516.7799999999997,-2.463144903294954
2026-03-17,Partnerships,2697,101,1,942.47,318.53,6,0.03744901742677049,0.009900990099009901,942.47,0.337973622502573,-623.94,-1.9588107870530251
2026-03-17,Referral,2935,199,6,350.33,3752.35,6,0.06780238500851789,0.03015075376884422,58.38833333333333,10.710901150343961,3402.02,0.9066371740376031
2026-03-17,SEO,2101,76,1,1086.96,311.56,6,0.036173250832936696,0.013157894736842105,1086.96,0.2866342827702951,-775.4000000000001,-2.4887662087559383
2026-03-18,Content,2200,75,1,1000.17,254.31,6,0.03409090909090909,0.013333333333333334,1000.17,0.2542667746483098,-745.8599999999999,-2.932877197121623
2026-03-18,LinkedIn Ads,2893,66,0,1386.34,0.0,6,0.022813688212927757,0.0,,0.0,-1386.34,
2026-03-18,Outbound Sales,2461,153,1,1363.26,618.23,6,0.06216984965461195,0.006535947712418301,1363.26,0.45349383096401275,-745.03,-1.205101661194054
2026-03-18,Paid Search,3305,227,4,2471.65,1811.3700000000001,6,0.0686838124054463,0.01762114537444934,617.9125,0.7328586167135315,-660.28,-0.3645196729547248
2026-03-18,Partnerships,1554,98,0,1012.64,0.0,6,0.06306306306306306,0.0,,0.0,-1012.64,
2026-03-18,Referral,2557,256,7,506.95,3448.9300000000003,6,0.10011732499022291,0.02734375,72.42142857142856,6.803294210474406,2941.9800000000005,0.8530123835508405
2026-03-18,SEO,1652,97,2,1249.72,1042.22,6,0.05871670702179177,0.020618556701030927,624.86,0.8339628076689178,-207.5,-0.1990942411391069
2026-03-19,Content,1971,120,1,882.84,255.81,6,0.060882800608828,0.008333333333333333,882.84,0.28975805355443796,-627.03,-2.4511551542160195
2026-03-19,LinkedIn Ads,2107,75,0,1126.1100000000001,0.0,6,0.03559563360227812,0.0,,0.0,-1126.1100000000001,
2026-03-19,Outbound Sales,2659,142,1,1176.85,604.71,6,0.053403535163595334,0.007042253521126761,1176.85,0.5138377873135914,-572.1399999999999,-0.9461394718129349
2026-03-19,Paid Search,2903,150,2,2064.9,825.3399999999999,6,0.05167068549776094,0.013333333333333334,1032.45,0.39969974332897473,-1239.5600000000002,-1.5018780139094194
2026-03-19,Partnerships,2573,121,0,830.85,0.0,6,0.04702681694520015,0.0,,0.0,-830.85,
2026-03-19,Referral,2687,254,7,496.87,3328.02,6,0.0945292147376256,0.027559055118110236,70.98142857142857,6.69796928774126,2831.15,0.8507010174217703
2026-03-19,SEO,1980,71,2,1158.06,975.04,6,0.03585858585858586,0.028169014084507043,579.03,0.8419598293698082,-183.01999999999998,-0.18770511978995733
2026-03-20,Content,2124,74,0,702.75,0.0,6,0.03483992467043315,0.0,,0.0,-702.75,
2026-03-20,LinkedIn Ads,2420,64,0,1034.53,0.0,6,0.026446280991735537,0.0,,0.0,-1034.53,
2026-03-20,Outbound Sales,2338,86,0,992.27,0.0,6,0.036783575705731396,0.0,,0.0,-992.27,
2026-03-20,Paid Search,3007,134,2,1809.76,913.05,6,0.04456268706351846,0.014925373134328358,904.88,0.5045144107505968,-896.71,-0.9821039373528285
2026-03-20,Partnerships,2194,64,0,755.26,0.0,6,0.02917046490428441,0.0,,0.0,-755.26,
2026-03-20,Referral,3816,353,9,342.81,4505.82,6,0.09250524109014675,0.025495750708215296,38.09,13.143782270062133,4163.009999999999,0.9239183988707936
2026-03-20,SEO,2024,90,0,851.05,0.0,6,0.044466403162055336,0.0,,0.0,-851.05,
2026-03-21,Content,2186,129,2,1116.03,636.48,6,0.05901189387008234,0.015503875968992248,558.015,0.5703072498051128,-479.54999999999995,-0.7534407993966816
2026-03-21,LinkedIn Ads,2236,130,2,1873.9099999999999,952.11,6,0.05813953488372093,0.015384615384615385,936.9549999999999,0.5080873681233358,-921.7999999999998,-0.9681654430685528
2026-03-21,Outbound Sales,3481,198,2,1221.69,1308.41,6,0.05688020683711577,0.010101010101010102,610.845,1.0709836374202948,86.72000000000003,0.06627891868756737
2026-03-21,Paid Search,2731,167,2,3211.3,957.46,6,0.06114976199194434,0.011976047904191617,1605.65,0.2981533958210071,-2253.84,-2.353978234077664
2026-03-21,Partnerships,2243,75,1,1148.18,293.17,6,0.03343736067766384,0.013333333333333334,1148.18,0.25533452942918355,-855.01,-2.9164307398437765
2026-03-21,Referral,2848,220,6,366.57,3158.09,6,0.07724719101123595,0.02727272727272727,61.095,8.615244018877705,2791.52,0.8839266772004597
2026-03-21,SEO,1318,140,1,1248.0,250.31,6,0.1062215477996965,0.007142857142857143,1248.0,0.20056891025641027,-997.69,-3.9858175861931207
2026-03-22,Content,2022,91,0,898.65,0.0,6,0.04500494559841741,0.0,,0.0,-898.65,
2026-03-22,LinkedIn Ads,1843,83,1,1352.1200000000001,320.15,6,0.04503526858383071,0.012048192771084338,1352.1200000000001,0.23677632162825782,-1031.9700000000003,-3.223395283460879
2026-03-22,Outbound Sales,2709,126,1,1475.5,814.56,6,0.046511627906976744,0.007936507936507936,1475.5,0.5520569298542867,-660.94,-0.8114073855824004
2026-03-22,Paid Search,3539,241,3,2277.84,1580.3500000000001,6,0.0680983328623905,0.012448132780082987,759.2800000000001,0.6937932427211745,-697.49,-0.4413515993292625
2026-03-22,Partnerships,2448,136,2,1090.53,1237.5,6,0.05555555555555555,0.014705882352941176,545.265,1.1347693323429893,146.97000000000003,0.11876363636363639
2026-03-22,Referral,2198,264,6,441.70000000000005,3202.5,6,0.12010919017288443,0.022727272727272728,73.61666666666667,7.25039619651347,2760.8,0.8620765027322405
2026-03-22,SEO,1918,68,1,1055.3300000000002,326.81,6,0.035453597497393116,0.014705882352941176,1055.3300000000002,0.30967564648024787,-728.5200000000002,-2.2291851534530776
2026-03-23,Content,2396,173,2,1059.68,668.99,6,0.07220367278797997,0.011560693641618497,529.84,0.6313132266344557,-390.69000000000005,-0.5839997608334954
2026-03-23,LinkedIn Ads,2266,134,1,1329.8899999999999,350.88,6,0.05913503971756399,0.007462686567164179,1329.8899999999999,0.2638413703389002,-979.0099999999999,-2.7901561787505695
2026-03-23,Outbound Sales,3030,121,1,1591.84,892.83,6,0.03993399339933994,0.008264462809917356,1591.84,0.5608792340938789,-699.0099999999999,-0.7829150006160186
2026-03-23,Paid Search,2721,238,3,2136.98,1235.38,6,0.0874678427048879,0.012605042016806723,712.3266666666667,0.5780961918221041,-901.5999999999999,-0.7298159270831646
2026-03-23,Partnerships,2860,130,2,1143.27,1191.49,6,0.045454545454545456,0.015384615384615385,571.635,1.0421772634635738,48.22000000000003,0.04047033546232031
2026-03-23,Referral,2225,165,5,650.6700000000001,2829.04,6,0.07415730337078652,0.030303030303030304,130.13400000000001,4.347887562051423,2178.37,0.7700032519865396
2026-03-23,SEO,1840,119,3,1261.86,1195.83,6,0.06467391304347826,0.025210084033613446,420.61999999999995,0.9476724834767724,-66.02999999999997,-0.05521687865332027
2026-03-24,Content,2164,128,3,1661.8200000000002,1668.65,6,0.059149722735674676,0.0234375,553.94,1.0041099517396588,6.829999999999927,0.004093129176280182
2026-03-24,LinkedIn Ads,2777,180,3,2401.57,1643.6100000000001,6,0.06481814908174288,0.016666666666666666,800.5233333333334,0.6843897950090982,-757.96,-0.4611556269431313
2026-03-24,Outbound Sales,3443,313,2,2402.14,1621.78,6,0.09090909090909091,0.006389776357827476,1201.07,0.6751396671301423,-780.3599999999999,-0.48117500524115475
2026-03-24,Paid Search,2615,187,3,3973.84,1653.44,6,0.07151051625239006,0.016042780748663103,1324.6133333333335,0.4160811708574074,-2320.4,-1.4033772014708727
2026-03-24,Partnerships,2545,135,2,1840.31,1272.71,6,0.05304518664047151,0.014814814814814815,920.155,0.691573702256685,-567.5999999999999,-0.445977481122958
2026-03-24,Referral,3000,242,7,866.99,3081.4700000000003,6,0.08066666666666666,0.028925619834710745,123.85571428571428,3.5542163116068237,2214.4800000000005,0.7186440237938387
2026-03-24,SEO,2011,116,3,1981.33,1558.19,6,0.057682744903033316,0.02586206896551724,660.4433333333333,0.7864363836412915,-423.1399999999999,-0.2715586674282339
2026-03-25,Content,1440,96,1,1186.64,514.96,6,0.06666666666666667,0.010416666666666666,1186.64,0.43396480819793704,-671.6800000000001,-1.3043343172285227
2026-03-25,LinkedIn Ads,2568,131,2,1858.92,1026.96,6,0.05101246105919003,0.015267175572519083,929.46,0.5524498095668453,-831.96,-0.8101191867258706
2026-03-25,Outbound Sales,3471,151,2,1267.35,808.15,6,0.043503313166234514,0.013245033112582781,633.675,0.6376691521679094,-459.19999999999993,-0.5682113469034213
2026-03-25,Paid Search,1577,164,2,3098.3900000000003,994.77,6,0.10399492707672796,0.012195121951219513,1549.1950000000002,0.32106029260357793,-2103.6200000000003,-2.114679775224424
2026-03-25,Partnerships,1815,94,0,1170.24,0.0,6,0.051790633608815424,0.0,,0.0,-1170.24,
2026-03-25,Referral,2745,260,7,475.24,3761.7,6,0.0947176684881603,0.026923076923076925,67.89142857142858,7.915369076677047,3286.46,0.873663503203339
2026-03-25,SEO,2042,148,2,1359.8899999999999,918.02,6,0.07247796278158668,0.013513513513513514,679.9449999999999,0.6750693070763077,-441.8699999999999,-0.4813293828021175
2026-03-26,Content,1782,83,1,1059.5,248.82,6,0.04657687991021325,0.012048192771084338,1059.5,0.23484662576687115,-810.6800000000001,-3.258098223615465
2026-03-26,LinkedIn Ads,2288,128,2,1843.6799999999998,1034.55,6,0.055944055944055944,0.015625,921.8399999999999,0.5611331684457173,-809.1299999999999,-0.7821081629694069
2026-03-26,Outbound Sales,3929,255,2,1329.03,1141.0100000000002,6,0.06490201068974294,0.00784313725490196,664.515,0.858528400412331,-188.01999999999975,-0.16478383186825682
2026-03-26,Paid Search,2886,145,2,3146.72,926.3100000000001,6,0.05024255024255024,0.013793103448275862,1573.36,0.2943731885900239,-2220.41,-2.3970485042804244
2026-03-26,Partnerships,2131,147,2,1187.81,928.3299999999999,6,0.0689816987329892,0.013605442176870748,593.905,0.7815475539017183,-259.48,-0.27951267329505675
2026-03-26,Referral,2530,199,5,331.31,2767.98,6,0.07865612648221344,0.02512562814070352,66.262,8.354652742144818,2436.67,0.8803062160853764
2026-03-26,SEO,2752,125,1,1208.8,262.27,6,0.045421511627906974,0.008,1208.8,0.2169672402382528,-946.53,-3.6089907347390096
2026-03-27,Content,1854,87,0,923.43,0.0,6,0.04692556634304207,0.0,,0.0,-923.43,
2026-03-27,LinkedIn Ads,2425,188,2,1666.67,880.15,6,0.0775257731958763,0.010638297872340425,833.335,0.5280889438221124,-786.5200000000001,-0.8936204056126797
2026-03-27,Outbound Sales,2596,114,1,874.73,596.99,6,0.04391371340523883,0.008771929824561403,874.73,0.6824848810490094,-277.74,-0.4652339235163068
2026-03-27,Paid Search,2621,157,2,2867.2,1049.6,6,0.05990080122090805,0.012738853503184714,1433.6,0.36607142857142855,-1817.6,-1.7317073170731707
2026-03-27,Partnerships,2039,136,1,927.48,355.32,6,0.06669936243256498,0.007352941176470588,927.48,0.38310260059516105,-572.1600000000001,-1.6102668017561637
2026-03-27,Referral,2470,154,5,222.82999999999998,2410.07,6,0.062348178137651825,0.032467532467532464,44.565999999999995,10.81573396759862,2187.2400000000002,0.9075421045861739
2026-03-27,SEO,2736,100,1,1033.31,284.49,6,0.03654970760233918,0.01,1033.31,0.27531912010916376,-748.8199999999999,-2.6321487574255684
2026-03-28,Content,1915,172,2,1150.06,902.76,6,0.0898172323759791,0.011627906976744186,575.03,0.7849677408135228,-247.29999999999995,-0.27393770215782703
2026-03-28,LinkedIn Ads,2675,89,1,1860.3999999999999,669.04,6,0.03327102803738318,0.011235955056179775,1860.3999999999999,0.35962158675553646,-1191.36,-1.780700705488461
2026-03-28,Outbound Sales,3466,259,2,1379.82,1193.01,6,0.07472590882862089,0.007722007722007722,689.91,0.8646127755794234,-186.80999999999995,-0.1565871199738476
2026-03-28,Paid Search,2655,181,3,3212.22,1133.7,6,0.06817325800376647,0.016574585635359115,1070.74,0.3529334852531894,-2078.5199999999995,-1.833395078062979
2026-03-28,Partnerships,2258,149,1,1207.9,639.05,6,0.06598759964570416,0.006711409395973154,1207.9,0.5290586969119959,-568.8500000000001,-0.8901494405758551
2026-03-28,Referral,3224,211,6,455.02,2978.08,6,0.06544665012406947,0.02843601895734597,75.83666666666666,6.544943079425081,2523.06,0.847210283135443
2026-03-28,SEO,1881,118,2,1259.8899999999999,942.81,6,0.06273258904837853,0.01694915254237288,629.9449999999999,0.7483272349173341,-317.0799999999999,-0.33631378538623896
2026-03-29,Content,2181,99,1,969.7299999999999,398.95,6,0.0453920220082531,0.010101010101010102,969.7299999999999,0.4114031740793829,-570.78,-1.4307056022057902
2026-03-29,LinkedIn Ads,2580,125,1,1467.85,731.48,6,0.04844961240310078,0.008,1467.85,0.4983342984637395,-736.3699999999999,-1.006685076830535
2026-03-29,Outbound Sales,3304,165,1,1094.92,649.85,6,0.04993946731234867,0.006060606060606061,1094.92,0.5935136813648485,-445.07000000000005,-0.6848811264137878
2026-03-29,Paid Search,3343,162,2,2426.75,1095.53,6,0.048459467544122045,0.012345679012345678,1213.375,0.45143916761100233,-1331.22,-1.2151378784697817
2026-03-29,Partnerships,2474,76,0,964.76,0.0,6,0.030719482619240096,0.0,,0.0,-964.76,
2026-03-29,Referral,3160,266,7,428.2,3431.61,6,0.08417721518987342,0.02631578947368421,61.17142857142857,8.014035497431108,3003.4100000000003,0.8752189205649826
2026-03-29,SEO,2136,82,1,1132.74,564.36,6,0.03838951310861423,0.012195121951219513,1132.74,0.49822554160707666,-568.38,-1.0071231129066553
2026-03-30,Content,2376,158,3,1297.58,1241.52,6,0.0664983164983165,0.0189873417721519,432.52666666666664,0.9567964980964565,-56.059999999999945,-0.04515432695405627
2026-03-30,LinkedIn Ads,2428,144,2,2115.78,1093.6100000000001,6,0.05930807248764415,0.013888888888888888,1057.89,0.5168826626586885,-1022.1700000000001,-0.934675066980002
2026-03-30,Outbound Sales,3417,162,2,1687.46,1414.67,6,0.04741000877963126,0.012345679012345678,843.73,0.838342834793121,-272.78999999999996,-0.19282942311634513
2026-03-30,Paid Search,2842,252,3,3677.5,1217.73,6,0.08866995073891626,0.011904761904761904,1225.8333333333333,0.33112984364377973,-2459.77,-2.0199633744754584
2026-03-30,Partnerships,3356,196,2,1414.53,1116.79,6,0.058402860548271755,0.01020408163265306,707.265,0.7895131245007175,-297.74,-0.2666033900733352
2026-03-30,Referral,3293,235,6,486.17,3322.6099999999997,6,0.07136349832979047,0.02553191489361702,81.02833333333334,6.834255507332825,2836.4399999999996,0.8536782830365285
2026-03-30,SEO,1990,101,1,1516.92,305.35,6,0.05075376884422111,0.009900990099009901,1516.92,0.20129604725364555,-1211.5700000000002,-3.967807434092026
2026-03-31,Content,1467,73,0,1109.45,0.0,6,0.04976141785957737,0.0,,0.0,-1109.45,
2026-03-31,LinkedIn Ads,1566,102,0,1607.99,0.0,6,0.06513409961685823,0.0,,0.0,-1607.99,
2026-03-31,Outbound Sales,2722,180,1,1669.67,899.34,6,0.06612784717119764,0.005555555555555556,1669.67,0.5386333826444747,-770.33,-0.8565503591522672
2026-03-31,Paid Search,3252,287,4,2782.41,2074.61,6,0.08825338253382534,0.013937282229965157,695.6025,0.7456162104075245,-707.7999999999997,-0.34117255773374255
2026-03-31,Partnerships,2460,104,1,1232.94,706.86,6,0.04227642276422764,0.009615384615384616,1232.94,0.5733125699547423,-526.08,-0.7442492148374502
2026-03-31,Referral,3892,310,10,572.97,4694.79,6,0.07965056526207605,0.03225806451612903,57.297000000000004,8.193779779046023,4121.82,0.8779562025138504
2026-03-31,SEO,1577,72,1,1358.8799999999999,725.84,6,0.045656309448319596,0.013888888888888888,1358.8799999999999,0.5341457671023196,-633.0399999999998,-0.8721481318196845
